species_count,family_name,country_code,state_province
1,Acanthaceae,US,Illinois
1,Acanthaceae,US,Kansas
1,Acanthaceae,US,Mississippi
1,Acanthaceae,US,Missouri
1,Acanthaceae,US,Oklahoma
1,Aizoaceae,US,Florida
1,Alismataceae,CA,British Columbia
1,Alismataceae,US,Georgia
1,Alstroemeriaceae,US,Georgia
1,Altingiaceae,US,Alabama
1,Altingiaceae,US,District of Columbia
1,Altingiaceae,US,Florida
1,Altingiaceae,US,Kentucky
1,Altingiaceae,US,Maryland
1,Altingiaceae,US,Mississippi
1,Altingiaceae,US,New Jersey
1,Altingiaceae,US,New York
1,Altingiaceae,US,North Carolina
1,Altingiaceae,US,Tennessee
1,Altingiaceae,US,Virginia
1,Altingiaceae,US,West Virginia
1,Amaranthaceae,CA,Ontario
1,Amaranthaceae,US,Alabama
1,Amaranthaceae,US,Hawaii
1,Amaranthaceae,US,Michigan
1,Amaranthaceae,US,Mississippi
1,Amaranthaceae,US,Nevada
1,Amaranthaceae,US,New York
1,Amaranthaceae,US,Virginia
1,Amaryllidaceae,CA,Québec
1,Amaryllidaceae,US,Arkansas
1,Amaryllidaceae,US,Colorado
1,Amaryllidaceae,US,Florida
1,Amaryllidaceae,US,Idaho
1,Amaryllidaceae,US,Maryland
1,Amaryllidaceae,US,New York
1,Amaryllidaceae,US,Oregon
1,Amaryllidaceae,US,Washington
1,Amaryllidaceae,US,Wyoming
1,Anacardiaceae,CA,Alberta
1,Anacardiaceae,CA,British Columbia
1,Anacardiaceae,CA,Québec
1,Anacardiaceae,US,Alabama
1,Anacardiaceae,US,Arkansas
1,Anacardiaceae,US,Illinois
1,Anacardiaceae,US,Maine
1,Anacardiaceae,US,Michigan
1,Anacardiaceae,US,Minnesota
1,Anacardiaceae,US,Mississippi
1,Anacardiaceae,US,New Mexico
1,Anacardiaceae,US,West Virginia
1,Anacardiaceae,US,Wisconsin
1,Annonaceae,US,Alabama
1,Annonaceae,US,District of Columbia
1,Annonaceae,US,Kentucky
1,Annonaceae,US,Maryland
1,Annonaceae,US,Michigan
1,Annonaceae,US,New Jersey
1,Annonaceae,US,North Carolina
1,Annonaceae,US,Ohio
1,Annonaceae,US,Pennsylvania
1,Annonaceae,US,Tennessee
1,Annonaceae,US,Virginia
1,Apiaceae,CA,Saskatchewan
1,Apiaceae,US,Alabama
1,Apiaceae,US,Colorado
1,Apiaceae,US,Delaware
1,Apiaceae,US,Kentucky
1,Apiaceae,US,Louisiana
1,Apiaceae,US,Mississippi
1,Apiaceae,US,Nebraska
1,Apiaceae,US,New Jersey
1,Apiaceae,US,North Carolina
1,Apiaceae,US,Tennessee
1,Apiaceae,US,Virginia
1,Apocynaceae,CA,Alberta
1,Apocynaceae,US,Arizona
1,Apocynaceae,US,Colorado
1,Apocynaceae,US,Connecticut
1,Apocynaceae,US,Indiana
1,Apocynaceae,US,Iowa
1,Apocynaceae,US,Maine
1,Apocynaceae,US,New Hampshire
1,Apocynaceae,US,New Mexico
1,Apocynaceae,US,Oklahoma
1,Apocynaceae,US,Utah
1,Apocynaceae,US,Vermont
1,Apocynaceae,US,Washington
1,Apocynaceae,US,Wisconsin
1,Apodanthaceae,US,Texas
1,Aquifoliaceae,CA,New Brunswick
1,Aquifoliaceae,CA,Ontario
1,Aquifoliaceae,US,Delaware
1,Aquifoliaceae,US,New Jersey
1,Aquifoliaceae,US,Pennsylvania
1,Aquifoliaceae,US,Rhode Island
1,Aquifoliaceae,US,South Carolina
1,Aquifoliaceae,US,Virginia
1,Aquifoliaceae,US,Washington
1,Araceae,CA,Alberta
1,Araceae,CA,British Columbia
1,Araceae,US,Alabama
1,Araceae,US,Alaska
1,Araceae,US,California
1,Araceae,US,Connecticut
1,Araceae,US,Hawaii
1,Araceae,US,Maine
1,Araceae,US,New Hampshire
1,Araceae,US,New Jersey
1,Araceae,US,North Carolina
1,Araceae,US,Pennsylvania
1,Araceae,US,Vermont
1,Araceae,US,Virginia
1,Araceae,US,Washington
1,Araceae,US,Wisconsin
1,Araliaceae,CA,Alberta
1,Araliaceae,CA,Manitoba
1,Araliaceae,CA,New Brunswick
1,Araliaceae,CA,Newfoundland and Labrador
1,Araliaceae,CA,Nova Scotia
1,Araliaceae,CA,Prince Edward Island
1,Araliaceae,CA,Québec
1,Araliaceae,CA,Saskatchewan
1,Araliaceae,US,Alaska
1,Araliaceae,US,California
1,Araliaceae,US,Delaware
1,Araliaceae,US,Hawaii
1,Araliaceae,US,Illinois
1,Araliaceae,US,Maine
1,Araliaceae,US,Minnesota
1,Araliaceae,US,Mississippi
1,Araliaceae,US,New Hampshire
1,Araliaceae,US,Vermont
1,Araliaceae,US,Wisconsin
1,Aristolochiaceae,CA,British Columbia
1,Aristolochiaceae,CA,Ontario
1,Aristolochiaceae,CA,Québec
1,Aristolochiaceae,US,Arkansas
1,Aristolochiaceae,US,California
1,Aristolochiaceae,US,Georgia
1,Aristolochiaceae,US,Illinois
1,Aristolochiaceae,US,Iowa
1,Aristolochiaceae,US,Michigan
1,Aristolochiaceae,US,North Carolina
1,Aristolochiaceae,US,South Carolina
1,Aristolochiaceae,US,Virginia
1,Aristolochiaceae,US,Wisconsin
1,Asparagaceae,CA,Saskatchewan
1,Asparagaceae,US,Alabama
1,Asparagaceae,US,Georgia
1,Asparagaceae,US,Hawaii
1,Asparagaceae,US,Idaho
1,Asparagaceae,US,Maryland
1,Asparagaceae,US,Montana
1,Asparagaceae,US,New Jersey
1,Asparagaceae,US,South Dakota
1,Asparagaceae,US,Tennessee
1,Asparagaceae,US,Utah
1,Asphodelaceae,US,Georgia
1,Asphodelaceae,US,North Carolina
1,Asphodelaceae,US,Tennessee
1,Asphodelaceae,US,Washington
1,Aspleniaceae,CA,Ontario
1,Aspleniaceae,US,Connecticut
1,Aspleniaceae,US,Georgia
1,Aspleniaceae,US,Indiana
1,Aspleniaceae,US,Kentucky
1,Aspleniaceae,US,Maryland
1,Aspleniaceae,US,Michigan
1,Aspleniaceae,US,New York
1,Aspleniaceae,US,Pennsylvania
1,Asteraceae,CA,New Brunswick
1,Asteraceae,CA,Yukon
1,Asteraceae,US,Alaska
1,Asteraceae,US,Delaware
1,Asteraceae,US,Montana
1,Asteraceae,US,South Dakota
1,Asteraceae,US,Vermont
1,Athyriaceae,CA,British Columbia
1,Athyriaceae,CA,Ontario
1,Athyriaceae,CA,Québec
1,Athyriaceae,US,California
1,Athyriaceae,US,Connecticut
1,Athyriaceae,US,Maryland
1,Athyriaceae,US,Massachusetts
1,Athyriaceae,US,Minnesota
1,Athyriaceae,US,Tennessee
1,Athyriaceae,US,Vermont
1,Athyriaceae,US,Virginia
1,Athyriaceae,US,Washington
1,Balsaminaceae,US,Georgia
1,Balsaminaceae,US,Tennessee
1,Balsaminaceae,US,Vermont
1,Berberidaceae,CA,Alberta
1,Berberidaceae,CA,British Columbia
1,Berberidaceae,CA,New Brunswick
1,Berberidaceae,US,Colorado
1,Berberidaceae,US,Illinois
1,Berberidaceae,US,Iowa
1,Berberidaceae,US,Massachusetts
1,Berberidaceae,US,Minnesota
1,Berberidaceae,US,New Jersey
1,Berberidaceae,US,Texas
1,Berberidaceae,US,Virginia
1,Berberidaceae,US,Washington
1,Berberidaceae,US,Wyoming
1,Betulaceae,CA,British Columbia
1,Betulaceae,CA,New Brunswick
1,Betulaceae,US,California
1,Betulaceae,US,Florida
1,Betulaceae,US,Illinois
1,Betulaceae,US,New Hampshire
1,Betulaceae,US,New Mexico
1,Betulaceae,US,New York
1,Betulaceae,US,North Carolina
1,Betulaceae,US,Oregon
1,Bignoniaceae,US,Alabama
1,Bignoniaceae,US,California
1,Bignoniaceae,US,District of Columbia
1,Bignoniaceae,US,Florida
1,Bignoniaceae,US,Georgia
1,Bignoniaceae,US,Kansas
1,Bignoniaceae,US,Kentucky
1,Bignoniaceae,US,Mississippi
1,Bignoniaceae,US,Missouri
1,Bignoniaceae,US,North Carolina
1,Bignoniaceae,US,Ohio
1,Bignoniaceae,US,Pennsylvania
1,Bignoniaceae,US,South Carolina
1,Bignoniaceae,US,Tennessee
1,Bignoniaceae,US,Texas
1,Bignoniaceae,US,Virginia
1,Bignoniaceae,US,Wisconsin
1,Blechnaceae,CA,British Columbia
1,Blechnaceae,CA,Ontario
1,Blechnaceae,US,Alabama
1,Blechnaceae,US,Louisiana
1,Blechnaceae,US,Tennessee
1,Blechnaceae,US,Washington
1,Boraginaceae,CA,Manitoba
1,Boraginaceae,CA,New Brunswick
1,Boraginaceae,US,Georgia
1,Boraginaceae,US,Indiana
1,Boraginaceae,US,Maryland
1,Boraginaceae,US,Mississippi
1,Boraginaceae,US,New Hampshire
1,Boraginaceae,US,Texas
1,Boraginaceae,US,Utah
1,Boraginaceae,US,Virginia
1,Boraginaceae,US,Washington
1,Boraginaceae,US,Wisconsin
1,Botryococcaceae,US,Florida
1,Brachytheciaceae,CA,British Columbia
1,Brachytheciaceae,US,Washington
1,Brassicaceae,CA,Prince Edward Island
1,Brassicaceae,US,Florida
1,Brassicaceae,US,Iowa
1,Brassicaceae,US,Kentucky
1,Brassicaceae,US,Maine
1,Brassicaceae,US,Missouri
1,Brassicaceae,US,New Mexico
1,Brassicaceae,US,North Dakota
1,Brassicaceae,US,Rhode Island
1,Brassicaceae,US,South Dakota
1,Brassicaceae,US,Wyoming
1,Bromeliaceae,US,Georgia
1,Bromeliaceae,US,Louisiana
1,Bromeliaceae,US,North Carolina
1,Bromeliaceae,US,Virginia
1,Butomaceae,US,Ohio
1,Buxaceae,US,Pennsylvania
1,Cabombaceae,CA,Ontario
1,Cabombaceae,US,Indiana
1,Cabombaceae,US,Pennsylvania
1,Cactaceae,CA,Alberta
1,Cactaceae,CA,British Columbia
1,Cactaceae,US,Delaware
1,Cactaceae,US,Florida
1,Cactaceae,US,Mississippi
1,Cactaceae,US,Montana
1,Cactaceae,US,Nebraska
1,Cactaceae,US,New York
1,Cactaceae,US,South Dakota
1,Cactaceae,US,Washington
1,Cactaceae,US,Wisconsin
1,Cactaceae,US,Wyoming
1,Calycanthaceae,US,Connecticut
1,Calycanthaceae,US,Massachusetts
1,Calycanthaceae,US,North Carolina
1,Calycanthaceae,US,Tennessee
1,Campanulaceae,US,Arkansas
1,Campanulaceae,US,California
1,Campanulaceae,US,Maryland
1,Campanulaceae,US,Massachusetts
1,Campanulaceae,US,Missouri
1,Campanulaceae,US,Pennsylvania
1,Campanulaceae,US,Tennessee
1,Cannabaceae,CA,British Columbia
1,Cannabaceae,US,Maryland
1,Cannabaceae,US,New York
1,Cannabaceae,US,Utah
1,Caprifoliaceae,CA,New Brunswick
1,Caprifoliaceae,CA,Newfoundland and Labrador
1,Caprifoliaceae,CA,Nova Scotia
1,Caprifoliaceae,CA,Saskatchewan
1,Caprifoliaceae,US,Minnesota
1,Caprifoliaceae,US,Montana
1,Caprifoliaceae,US,North Carolina
1,Caprifoliaceae,US,Pennsylvania
1,Caprifoliaceae,US,Tennessee
1,Caprifoliaceae,US,Utah
1,Caprifoliaceae,US,Virginia
1,Caricaceae,US,Hawaii
1,Caryophyllaceae,CA,Alberta
1,Caryophyllaceae,CA,New Brunswick
1,Caryophyllaceae,CA,Nova Scotia
1,Caryophyllaceae,US,Alabama
1,Caryophyllaceae,US,Arkansas
1,Caryophyllaceae,US,Colorado
1,Caryophyllaceae,US,Connecticut
1,Caryophyllaceae,US,Indiana
1,Caryophyllaceae,US,Kansas
1,Caryophyllaceae,US,Montana
1,Caryophyllaceae,US,Oregon
1,Caryophyllaceae,US,Utah
1,Caryophyllaceae,US,Vermont
1,Caryophyllaceae,US,Virginia
1,Caryophyllaceae,US,Wyoming
1,Celastraceae,CA,Ontario
1,Celastraceae,CA,Québec
1,Celastraceae,US,Georgia
1,Celastraceae,US,Indiana
1,Celastraceae,US,Maryland
1,Celastraceae,US,Massachusetts
1,Celastraceae,US,Michigan
1,Celastraceae,US,New Jersey
1,Celastraceae,US,South Carolina
1,Celastraceae,US,Virginia
1,Celastraceae,US,Wisconsin
1,Celastraceae,US,Wyoming
1,Cephalotaxaceae,US,New Jersey
1,Cephaloziaceae,US,New Hampshire
1,Ceratophyllaceae,US,Connecticut
1,Ceratophyllaceae,US,Massachusetts
1,Ceratophyllaceae,US,Ohio
1,Ceratophyllaceae,US,Pennsylvania
1,Ceratophyllaceae,US,Texas
1,Chlorellaceae,US,Florida
1,Cistaceae,US,California
1,Cistaceae,US,Georgia
1,Cistaceae,US,Michigan
1,Cistaceae,US,New York
1,Cleomaceae,US,Colorado
1,Cleomaceae,US,New Mexico
1,Cleomaceae,US,Texas
1,Clethraceae,US,New Jersey
1,Clusiaceae,US,Hawaii
1,Codiaceae,US,Maine
1,Codiaceae,US,Massachusetts
1,Colchicaceae,US,Michigan
1,Colchicaceae,US,Minnesota
1,Colchicaceae,US,Pennsylvania
1,Colchicaceae,US,Wisconsin
1,Comandraceae,CA,British Columbia
1,Comandraceae,US,Illinois
1,Comandraceae,US,Massachusetts
1,Comandraceae,US,Michigan
1,Comandraceae,US,Pennsylvania
1,Comandraceae,US,Wyoming
1,Combretaceae,US,Florida
1,Combretaceae,US,Hawaii
1,Commelinaceae,US,Arkansas
1,Commelinaceae,US,Colorado
1,Commelinaceae,US,Illinois
1,Commelinaceae,US,Iowa
1,Commelinaceae,US,Kansas
1,Commelinaceae,US,New Jersey
1,Commelinaceae,US,New York
1,Commelinaceae,US,Ohio
1,Commelinaceae,US,South Carolina
1,Conocephalaceae,US,New York
1,Convolvulaceae,US,Hawaii
1,Convolvulaceae,US,Idaho
1,Convolvulaceae,US,Illinois
1,Convolvulaceae,US,Iowa
1,Convolvulaceae,US,Louisiana
1,Convolvulaceae,US,Missouri
1,Convolvulaceae,US,New Mexico
1,Convolvulaceae,US,New York
1,Convolvulaceae,US,Utah
1,Convolvulaceae,US,Virginia
1,Cornaceae,CA,New Brunswick
1,Cornaceae,US,Alaska
1,Cornaceae,US,California
1,Cornaceae,US,Georgia
1,Cornaceae,US,Illinois
1,Cornaceae,US,Indiana
1,Cornaceae,US,Maine
1,Cornaceae,US,Maryland
1,Cornaceae,US,Michigan
1,Cornaceae,US,Minnesota
1,Cornaceae,US,Montana
1,Cornaceae,US,Rhode Island
1,Cornaceae,US,Tennessee
1,Cornaceae,US,Vermont
1,Cornaceae,US,Wisconsin
1,Crassulaceae,US,Alaska
1,Crassulaceae,US,Idaho
1,Crassulaceae,US,Illinois
1,Crassulaceae,US,Kentucky
1,Crassulaceae,US,Maine
1,Crassulaceae,US,New Jersey
1,Crassulaceae,US,New York
1,Crassulaceae,US,Ohio
1,Crassulaceae,US,Oklahoma
1,Crassulaceae,US,Rhode Island
1,Crassulaceae,US,Virginia
1,Cucurbitaceae,US,Arizona
1,Cucurbitaceae,US,Colorado
1,Cucurbitaceae,US,Florida
1,Cucurbitaceae,US,Washington
1,Cupressaceae,US,Colorado
1,Cupressaceae,US,Florida
1,Cupressaceae,US,Indiana
1,Cupressaceae,US,Montana
1,Cupressaceae,US,New York
1,Cupressaceae,US,Oregon
1,Cupressaceae,US,Pennsylvania
1,Cupressaceae,US,South Carolina
1,Cupressaceae,US,Texas
1,Cupressaceae,US,Washington
1,Cyperaceae,CA,Alberta
1,Cyperaceae,US,California
1,Cyperaceae,US,Florida
1,Cyperaceae,US,Georgia
1,Cyperaceae,US,Hawaii
1,Cyperaceae,US,Indiana
1,Cyperaceae,US,Kentucky
1,Cyperaceae,US,Louisiana
1,Cyperaceae,US,Maryland
1,Cyperaceae,US,Nevada
1,Cyperaceae,US,New Hampshire
1,Cyperaceae,US,New Mexico
1,Cyperaceae,US,Oregon
1,Cyperaceae,US,Pennsylvania
1,Cyperaceae,US,Rhode Island
1,Cyperaceae,US,Tennessee
1,Cyrillaceae,US,Louisiana
1,Cystopteridaceae,CA,British Columbia
1,Cystopteridaceae,CA,Québec
1,Cystopteridaceae,US,Colorado
1,Cystopteridaceae,US,New York
1,Cystopteridaceae,US,Utah
1,Cystopteridaceae,US,Wisconsin
1,Delesseriaceae,US,Alaska
1,Dennstaedtiaceae,CA,Ontario
1,Dennstaedtiaceae,US,Alaska
1,Dennstaedtiaceae,US,California
1,Dennstaedtiaceae,US,Connecticut
1,Dennstaedtiaceae,US,Indiana
1,Dennstaedtiaceae,US,Maryland
1,Dennstaedtiaceae,US,Massachusetts
1,Dennstaedtiaceae,US,Michigan
1,Dennstaedtiaceae,US,New Hampshire
1,Dennstaedtiaceae,US,New York
1,Dennstaedtiaceae,US,Tennessee
1,Dennstaedtiaceae,US,West Virginia
1,Desmidiaceae,US,Florida
1,Diapensiaceae,US,Maine
1,Diapensiaceae,US,New Hampshire
1,Diapensiaceae,US,North Carolina
1,Diapensiaceae,US,Tennessee
1,Dicranaceae,CA,Ontario
1,Dioscoreaceae,US,Arkansas
1,Dioscoreaceae,US,Maryland
1,Dioscoreaceae,US,Michigan
1,Dioscoreaceae,US,Pennsylvania
1,Dioscoreaceae,US,Tennessee
1,Dioscoreaceae,US,Virginia
1,Dioscoreaceae,US,West Virginia
1,Dioscoreaceae,US,Wisconsin
1,Ditrichaceae,CA,Québec
1,Droseraceae,CA,Alberta
1,Droseraceae,CA,Nova Scotia
1,Droseraceae,CA,Ontario
1,Droseraceae,CA,Québec
1,Droseraceae,US,Florida
1,Droseraceae,US,Michigan
1,Droseraceae,US,New Hampshire
1,Dryopteridaceae,US,Idaho
1,Dryopteridaceae,US,Illinois
1,Dryopteridaceae,US,Indiana
1,Dryopteridaceae,US,Maryland
1,Dryopteridaceae,US,Massachusetts
1,Dryopteridaceae,US,New Jersey
1,Dryopteridaceae,US,North Carolina
1,Dryopteridaceae,US,Oregon
1,Dryopteridaceae,US,Virginia
1,Dryopteridaceae,US,Washington
1,Dryopteridaceae,US,Wisconsin
1,Ebenaceae,US,Arkansas
1,Ebenaceae,US,Illinois
1,Ebenaceae,US,Kansas
1,Ebenaceae,US,Kentucky
1,Ebenaceae,US,Maryland
1,Ebenaceae,US,Mississippi
1,Ebenaceae,US,Missouri
1,Ebenaceae,US,New Jersey
1,Ebenaceae,US,North Carolina
1,Ebenaceae,US,Tennessee
1,Ebenaceae,US,Texas
1,Ebenaceae,US,Virginia
1,Elaeagnaceae,CA,British Columbia
1,Elaeagnaceae,CA,Nova Scotia
1,Elaeagnaceae,CA,Ontario
1,Elaeagnaceae,CA,Québec
1,Elaeagnaceae,US,Colorado
1,Elaeagnaceae,US,Connecticut
1,Elaeagnaceae,US,Illinois
1,Elaeagnaceae,US,Indiana
1,Elaeagnaceae,US,Maine
1,Elaeagnaceae,US,Maryland
1,Elaeagnaceae,US,Michigan
1,Elaeagnaceae,US,North Carolina
1,Elaeagnaceae,US,Pennsylvania
1,Elaeagnaceae,US,Wyoming
1,Entodontaceae,US,New York
1,Ephedraceae,US,California
1,Equisetaceae,CA,British Columbia
1,Equisetaceae,US,Colorado
1,Equisetaceae,US,Idaho
1,Equisetaceae,US,Maine
1,Equisetaceae,US,Michigan
1,Equisetaceae,US,Minnesota
1,Equisetaceae,US,Oregon
1,Equisetaceae,US,Vermont
1,Ericaceae,US,Arkansas
1,Ericaceae,US,Colorado
1,Ericaceae,US,District of Columbia
1,Ericaceae,US,Hawaii
1,Ericaceae,US,Illinois
1,Ericaceae,US,Indiana
1,Ericaceae,US,Kentucky
1,Ericaceae,US,Texas
1,Ericaceae,US,Utah
1,Ericaceae,US,Wisconsin
1,Erythrotrichiaceae,CA,British Columbia
1,Euphorbiaceae,CA,Alberta
1,Euphorbiaceae,US,Alabama
1,Euphorbiaceae,US,Connecticut
1,Euphorbiaceae,US,Georgia
1,Euphorbiaceae,US,Kansas
1,Euphorbiaceae,US,Michigan
1,Euphorbiaceae,US,Mississippi
1,Euphorbiaceae,US,Montana
1,Euphorbiaceae,US,North Carolina
1,Euphorbiaceae,US,South Carolina
1,Euphorbiaceae,US,Virginia
1,Fabaceae,CA,Newfoundland and Labrador
1,Fabaceae,CA,Yukon
1,Fabaceae,US,Arizona
1,Fabaceae,US,Delaware
1,Fabaceae,US,Louisiana
1,Fabaceae,US,Montana
1,Fabaceae,US,South Carolina
1,Fabaceae,US,West Virginia
1,Fagaceae,CA,Nova Scotia
1,Fagaceae,CA,Prince Edward Island
1,Fagaceae,US,Delaware
1,Fagaceae,US,District of Columbia
1,Fagaceae,US,Illinois
1,Fagaceae,US,Indiana
1,Fagaceae,US,Maine
1,Fagaceae,US,Missouri
1,Fagaceae,US,New Hampshire
1,Fagaceae,US,North Carolina
1,Fagaceae,US,Texas
1,Fagaceae,US,Washington
1,Faucheaceae,US,Alaska
1,Fissidentaceae,US,California
1,Fouquieriaceae,US,Arizona
1,Fouquieriaceae,US,Nevada
1,Fouquieriaceae,US,Texas
1,Garryaceae,US,California
1,Garryaceae,US,Texas
1,Gentianaceae,US,California
1,Gentianaceae,US,Florida
1,Gentianaceae,US,Georgia
1,Gentianaceae,US,Indiana
1,Gentianaceae,US,North Carolina
1,Gentianaceae,US,Oregon
1,Gentianaceae,US,Washington
1,Geraniaceae,CA,Alberta
1,Geraniaceae,CA,Nova Scotia
1,Geraniaceae,CA,Québec
1,Geraniaceae,US,Alaska
1,Geraniaceae,US,Colorado
1,Geraniaceae,US,Connecticut
1,Geraniaceae,US,Illinois
1,Geraniaceae,US,Kentucky
1,Geraniaceae,US,Maryland
1,Geraniaceae,US,Minnesota
1,Geraniaceae,US,New Jersey
1,Geraniaceae,US,New Mexico
1,Geraniaceae,US,New York
1,Geraniaceae,US,North Carolina
1,Geraniaceae,US,Ohio
1,Geraniaceae,US,Oregon
1,Geraniaceae,US,Rhode Island
1,Geraniaceae,US,Texas
1,Geraniaceae,US,Washington
1,Geraniaceae,US,Wisconsin
1,Gigartinaceae,US,California
1,Gigartinaceae,US,New York
1,Ginkgoaceae,CA,British Columbia
1,Ginkgoaceae,US,Mississippi
1,Gleicheniaceae,US,Hawaii
1,Grossulariaceae,CA,Québec
1,Grossulariaceae,CA,Saskatchewan
1,Grossulariaceae,US,Arizona
1,Grossulariaceae,US,Nevada
1,Haemodoraceae,US,Florida
1,Haemodoraceae,US,Louisiana
1,Haloragaceae,CA,Nova Scotia
1,Haloragaceae,US,Maryland
1,Haloragaceae,US,North Carolina
1,Haloragaceae,US,Pennsylvania
1,Haloragaceae,US,Washington
1,Hamamelidaceae,US,Michigan
1,Hamamelidaceae,US,New Hampshire
1,Hamamelidaceae,US,Ohio
1,Hamamelidaceae,US,Pennsylvania
1,Heliotropiaceae,US,Florida
1,Hydrangeaceae,CA,British Columbia
1,Hydrangeaceae,US,Alabama
1,Hydrangeaceae,US,California
1,Hydrangeaceae,US,Illinois
1,Hydrangeaceae,US,Maryland
1,Hydrangeaceae,US,Missouri
1,Hydrangeaceae,US,Oregon
1,Hydrangeaceae,US,Pennsylvania
1,Hydrangeaceae,US,Tennessee
1,Hydrangeaceae,US,Virginia
1,Hydrocharitaceae,US,Pennsylvania
1,Hydrophyllaceae,CA,Alberta
1,Hydrophyllaceae,CA,Québec
1,Hydrophyllaceae,US,Idaho
1,Hydrophyllaceae,US,Iowa
1,Hydrophyllaceae,US,Kentucky
1,Hydrophyllaceae,US,Maryland
1,Hydrophyllaceae,US,Michigan
1,Hydrophyllaceae,US,Minnesota
1,Hydrophyllaceae,US,Montana
1,Hydrophyllaceae,US,Oregon
1,Hydrophyllaceae,US,Wisconsin
1,Hylocomiaceae,CA,Ontario
1,Hypericaceae,US,California
1,Hypericaceae,US,Florida
1,Hypericaceae,US,Kansas
1,Hypericaceae,US,Michigan
1,Hypericaceae,US,Ohio
1,Hypericaceae,US,Washington
1,Hypoxidaceae,CA,Ontario
1,Hypoxidaceae,US,Connecticut
1,Hypoxidaceae,US,Delaware
1,Hypoxidaceae,US,Maryland
1,Hypoxidaceae,US,Massachusetts
1,Iridaceae,CA,British Columbia
1,Iridaceae,CA,Manitoba
1,Iridaceae,CA,Nova Scotia
1,Iridaceae,US,Arizona
1,Iridaceae,US,Connecticut
1,Iridaceae,US,District of Columbia
1,Iridaceae,US,Georgia
1,Iridaceae,US,Nebraska
1,Iridaceae,US,New York
1,Iridaceae,US,Tennessee
1,Iridaceae,US,Virginia
1,Iridaceae,US,Washington
1,Iridaceae,US,West Virginia
1,Iteaceae,US,Georgia
1,Iteaceae,US,Maryland
1,Iteaceae,US,Pennsylvania
1,Juglandaceae,US,Connecticut
1,Juglandaceae,US,Florida
1,Juglandaceae,US,Kentucky
1,Juglandaceae,US,Massachusetts
1,Juglandaceae,US,Michigan
1,Juglandaceae,US,North Carolina
1,Juglandaceae,US,Oklahoma
1,Juglandaceae,US,Tennessee
1,Juglandaceae,US,Texas
1,Juglandaceae,US,Virginia
1,Juglandaceae,US,Wisconsin
1,Juncaceae,CA,British Columbia
1,Juncaceae,US,Louisiana
1,Juncaceae,US,Michigan
1,Juncaceae,US,Virginia
1,Juncaceae,US,Wisconsin
1,Juncaginaceae,CA,British Columbia
1,Juncaginaceae,US,Michigan
1,Krameriaceae,US,Texas
1,Lamiaceae,CA,Manitoba
1,Lamiaceae,CA,New Brunswick
1,Lamiaceae,CA,Nova Scotia
1,Lamiaceae,CA,Prince Edward Island
1,Lamiaceae,US,Alabama
1,Lamiaceae,US,Arizona
1,Lamiaceae,US,Colorado
1,Lamiaceae,US,Connecticut
1,Lamiaceae,US,Delaware
1,Lamiaceae,US,Indiana
1,Lamiaceae,US,Kentucky
1,Lamiaceae,US,Nebraska
1,Lamiaceae,US,New Hampshire
1,Lamiaceae,US,New Jersey
1,Lamiaceae,US,New Mexico
1,Lamiaceae,US,Oklahoma
1,Lamiaceae,US,Oregon
1,Lamiaceae,US,South Carolina
1,Lamiaceae,US,Utah
1,Lauraceae,CA,Ontario
1,Lauraceae,US,Alabama
1,Lauraceae,US,California
1,Lauraceae,US,Connecticut
1,Lauraceae,US,Delaware
1,Lauraceae,US,Indiana
1,Lauraceae,US,Maryland
1,Lauraceae,US,Massachusetts
1,Lauraceae,US,New Hampshire
1,Lauraceae,US,New Jersey
1,Lauraceae,US,New York
1,Lauraceae,US,North Carolina
1,Lauraceae,US,Ohio
1,Lauraceae,US,Tennessee
1,Lauraceae,US,Texas
1,Lauraceae,US,Virginia
1,Lauraceae,US,West Virginia
1,Lembophyllaceae,CA,British Columbia
1,Lentibulariaceae,US,Michigan
1,Lentibulariaceae,US,North Carolina
1,Lentibulariaceae,US,Wisconsin
1,Liliaceae,CA,Québec
1,Liliaceae,US,Alabama
1,Liliaceae,US,Alaska
1,Liliaceae,US,Arizona
1,Liliaceae,US,Georgia
1,Liliaceae,US,Illinois
1,Liliaceae,US,Maryland
1,Liliaceae,US,Massachusetts
1,Liliaceae,US,Michigan
1,Liliaceae,US,Minnesota
1,Liliaceae,US,New Jersey
1,Liliaceae,US,Pennsylvania
1,Liliaceae,US,Utah
1,Liliaceae,US,Virginia
1,Liliaceae,US,Washington
1,Liliaceae,US,Wyoming
1,Limnanthaceae,CA,British Columbia
1,Linaceae,CA,Alberta
1,Linaceae,US,Colorado
1,Linaceae,US,Nevada
1,Linaceae,US,New Mexico
1,Linaceae,US,Texas
1,Linaceae,US,Utah
1,Linaceae,US,Washington
1,Loasaceae,US,Nevada
1,Loganiaceae,US,Alabama
1,Loganiaceae,US,Tennessee
1,Lycopodiaceae,CA,Alberta
1,Lycopodiaceae,CA,British Columbia
1,Lycopodiaceae,CA,Ontario
1,Lycopodiaceae,US,North Carolina
1,Lycopodiaceae,US,Pennsylvania
1,Lycopodiaceae,US,Washington
1,Lythraceae,CA,Ontario
1,Lythraceae,US,Illinois
1,Lythraceae,US,Massachusetts
1,Lythraceae,US,Texas
1,Magnoliaceae,CA,Ontario
1,Magnoliaceae,US,Alabama
1,Magnoliaceae,US,Connecticut
1,Magnoliaceae,US,Delaware
1,Magnoliaceae,US,Georgia
1,Magnoliaceae,US,Illinois
1,Magnoliaceae,US,Kentucky
1,Magnoliaceae,US,Louisiana
1,Magnoliaceae,US,Maryland
1,Magnoliaceae,US,Massachusetts
1,Magnoliaceae,US,Michigan
1,Magnoliaceae,US,Mississippi
1,Magnoliaceae,US,New York
1,Magnoliaceae,US,North Carolina
1,Magnoliaceae,US,Virginia
1,Magnoliaceae,US,Washington
1,Malpighiaceae,US,Texas
1,Malvaceae,CA,Alberta
1,Malvaceae,CA,Saskatchewan
1,Malvaceae,US,Colorado
1,Malvaceae,US,Idaho
1,Malvaceae,US,Kansas
1,Malvaceae,US,Louisiana
1,Malvaceae,US,Maine
1,Malvaceae,US,Maryland
1,Malvaceae,US,Minnesota
1,Malvaceae,US,Mississippi
1,Malvaceae,US,Nebraska
1,Malvaceae,US,Ohio
1,Malvaceae,US,Oregon
1,Malvaceae,US,Pennsylvania
1,Malvaceae,US,Vermont
1,Malvaceae,US,Wyoming
1,Marchantiaceae,CA,British Columbia
1,Marchantiaceae,CA,Ontario
1,Marchantiaceae,CA,Québec
1,Marchantiaceae,US,Illinois
1,Marchantiaceae,US,Massachusetts
1,Martyniaceae,US,California
1,Mazaceae,US,Georgia
1,Mazaceae,US,New Jersey
1,Melanthiaceae,CA,British Columbia
1,Melanthiaceae,CA,New Brunswick
1,Melanthiaceae,CA,Newfoundland and Labrador
1,Melanthiaceae,CA,Nova Scotia
1,Melanthiaceae,CA,Prince Edward Island
1,Melanthiaceae,US,Florida
1,Melanthiaceae,US,Maine
1,Melanthiaceae,US,Michigan
1,Melanthiaceae,US,Minnesota
1,Melanthiaceae,US,Missouri
1,Melanthiaceae,US,North Carolina
1,Melanthiaceae,US,Ohio
1,Melanthiaceae,US,Tennessee
1,Melastomataceae,US,Louisiana
1,Melastomataceae,US,Mississippi
1,Meliaceae,US,Mississippi
1,Meliaceae,US,Texas
1,Menispermaceae,US,Kentucky
1,Menispermaceae,US,Michigan
1,Menispermaceae,US,Missouri
1,Menispermaceae,US,New York
1,Menispermaceae,US,Ohio
1,Menispermaceae,US,Pennsylvania
1,Menispermaceae,US,Texas
1,Menyanthaceae,CA,British Columbia
1,Menyanthaceae,CA,Ontario
1,Menyanthaceae,US,Alaska
1,Menyanthaceae,US,New Hampshire
1,Mniaceae,US,Washington
1,Molluginaceae,US,Georgia
1,Montiaceae,US,Georgia
1,Montiaceae,US,Missouri
1,Moraceae,US,Georgia
1,Moraceae,US,Kansas
1,Moraceae,US,Missouri
1,Moraceae,US,New York
1,Moraceae,US,North Carolina
1,Moraceae,US,Ohio
1,Moraceae,US,Texas
1,Musaceae,US,Florida
1,Myricaceae,CA,New Brunswick
1,Myricaceae,US,Maine
1,Myricaceae,US,Massachusetts
1,Myricaceae,US,New Hampshire
1,Myricaceae,US,New York
1,Myricaceae,US,North Carolina
1,Myricaceae,US,Pennsylvania
1,Myricaceae,US,Vermont
1,Myricaceae,US,Wisconsin
1,Myrtaceae,US,Florida
1,Nartheciaceae,US,Louisiana
1,Nartheciaceae,US,Texas
1,Nelumbonaceae,US,Florida
1,Nyctaginaceae,US,Hawaii
1,Nyctaginaceae,US,Massachusetts
1,Nyctaginaceae,US,Minnesota
1,Nyctaginaceae,US,New Mexico
1,Nyctaginaceae,US,Utah
1,Nymphaeaceae,CA,British Columbia
1,Nymphaeaceae,US,Florida
1,Nymphaeaceae,US,Kentucky
1,Nymphaeaceae,US,Maine
1,Nymphaeaceae,US,Michigan
1,Nymphaeaceae,US,Minnesota
1,Nymphaeaceae,US,North Carolina
1,Nymphaeaceae,US,Washington
1,Nyssaceae,US,Arkansas
1,Nyssaceae,US,Maryland
1,Nyssaceae,US,New York
1,Nyssaceae,US,North Carolina
1,Nyssaceae,US,Ohio
1,Nyssaceae,US,Pennsylvania
1,Nyssaceae,US,Virginia
1,Oleaceae,CA,Ontario
1,Oleaceae,US,Alabama
1,Oleaceae,US,Georgia
1,Oleaceae,US,Massachusetts
1,Oleaceae,US,Michigan
1,Oleaceae,US,Minnesota
1,Oleaceae,US,Missouri
1,Oleaceae,US,New York
1,Oleaceae,US,Pennsylvania
1,Onagraceae,CA,Québec
1,Onagraceae,US,Alaska
1,Onagraceae,US,Arizona
1,Onagraceae,US,Arkansas
1,Onagraceae,US,Hawaii
1,Onagraceae,US,Illinois
1,Onagraceae,US,Indiana
1,Onagraceae,US,Kentucky
1,Onagraceae,US,Massachusetts
1,Onagraceae,US,Michigan
1,Onagraceae,US,Mississippi
1,Onagraceae,US,Missouri
1,Onagraceae,US,Nevada
1,Onagraceae,US,New Jersey
1,Onagraceae,US,New Mexico
1,Onagraceae,US,North Carolina
1,Onagraceae,US,Pennsylvania
1,Onagraceae,US,Tennessee
1,Onagraceae,US,Utah
1,Onagraceae,US,Virginia
1,Onocleaceae,CA,British Columbia
1,Onocleaceae,CA,New Brunswick
1,Onocleaceae,CA,Prince Edward Island
1,Onocleaceae,CA,Québec
1,Onocleaceae,US,Alabama
1,Onocleaceae,US,Connecticut
1,Onocleaceae,US,Delaware
1,Onocleaceae,US,Illinois
1,Onocleaceae,US,Indiana
1,Onocleaceae,US,Maine
1,Onocleaceae,US,Maryland
1,Onocleaceae,US,Massachusetts
1,Onocleaceae,US,Michigan
1,Onocleaceae,US,Minnesota
1,Onocleaceae,US,New Jersey
1,Onocleaceae,US,Ohio
1,Onocleaceae,US,South Carolina
1,Onocleaceae,US,Vermont
1,Ophioglossaceae,CA,Ontario
1,Ophioglossaceae,US,Kansas
1,Ophioglossaceae,US,Maryland
1,Ophioglossaceae,US,Massachusetts
1,Ophioglossaceae,US,New York
1,Ophioglossaceae,US,Ohio
1,Ophioglossaceae,US,Pennsylvania
1,Ophioglossaceae,US,Virginia
1,Orchidaceae,CA,New Brunswick
1,Orchidaceae,CA,Saskatchewan
1,Orchidaceae,CA,Yukon
1,Orchidaceae,US,Alabama
1,Orchidaceae,US,Alaska
1,Orchidaceae,US,Arkansas
1,Orchidaceae,US,California
1,Orchidaceae,US,Colorado
1,Orchidaceae,US,Delaware
1,Orchidaceae,US,Georgia
1,Orchidaceae,US,Idaho
1,Orchidaceae,US,Illinois
1,Orchidaceae,US,Kentucky
1,Orchidaceae,US,Maine
1,Orchidaceae,US,New Hampshire
1,Orchidaceae,US,Oklahoma
1,Orchidaceae,US,Tennessee
1,Orchidaceae,US,Texas
1,Orchidaceae,US,Vermont
1,Orobanchaceae,US,Connecticut
1,Orobanchaceae,US,Florida
1,Orobanchaceae,US,Maine
1,Orobanchaceae,US,Massachusetts
1,Orobanchaceae,US,Mississippi
1,Orobanchaceae,US,Missouri
1,Orobanchaceae,US,Montana
1,Orobanchaceae,US,Nebraska
1,Orobanchaceae,US,New Jersey
1,Orobanchaceae,US,North Carolina
1,Orobanchaceae,US,Oklahoma
1,Orobanchaceae,US,Vermont
1,Orobanchaceae,US,West Virginia
1,Orobanchaceae,US,Wisconsin
1,Osmundaceae,CA,Prince Edward Island
1,Osmundaceae,US,Florida
1,Osmundaceae,US,Indiana
1,Osmundaceae,US,Louisiana
1,Osmundaceae,US,Ohio
1,Osmundaceae,US,Vermont
1,Osmundaceae,US,Wisconsin
1,Oxalidaceae,US,California
1,Oxalidaceae,US,Georgia
1,Oxalidaceae,US,Indiana
1,Oxalidaceae,US,Kentucky
1,Oxalidaceae,US,Maryland
1,Oxalidaceae,US,Massachusetts
1,Oxalidaceae,US,New York
1,Oxalidaceae,US,North Carolina
1,Oxalidaceae,US,Pennsylvania
1,Oxalidaceae,US,Texas
1,Oxalidaceae,US,Virginia
1,Papaveraceae,CA,Manitoba
1,Papaveraceae,CA,Nova Scotia
1,Papaveraceae,CA,Ontario
1,Papaveraceae,CA,Québec
1,Papaveraceae,US,Delaware
1,Papaveraceae,US,Idaho
1,Papaveraceae,US,Iowa
1,Papaveraceae,US,Maine
1,Papaveraceae,US,Maryland
1,Papaveraceae,US,Massachusetts
1,Papaveraceae,US,Minnesota
1,Papaveraceae,US,New Hampshire
1,Papaveraceae,US,New Mexico
1,Papaveraceae,US,North Carolina
1,Papaveraceae,US,Ohio
1,Papaveraceae,US,Pennsylvania
1,Papaveraceae,US,South Carolina
1,Papaveraceae,US,Utah
1,Papaveraceae,US,Virginia
1,Parnassiaceae,US,Michigan
1,Passifloraceae,US,Arkansas
1,Passifloraceae,US,Florida
1,Passifloraceae,US,Mississippi
1,Passifloraceae,US,Ohio
1,Paulowniaceae,US,Maryland
1,Phrymaceae,US,Utah
1,Phyllanthaceae,US,Florida
1,Phyllanthaceae,US,Hawaii
1,Phyllanthaceae,US,Texas
1,Phyllophoraceae,US,California
1,Phytolaccaceae,US,Alabama
1,Phytolaccaceae,US,Arkansas
1,Phytolaccaceae,US,California
1,Phytolaccaceae,US,Delaware
1,Phytolaccaceae,US,Georgia
1,Phytolaccaceae,US,Indiana
1,Phytolaccaceae,US,Kentucky
1,Phytolaccaceae,US,Maryland
1,Phytolaccaceae,US,Massachusetts
1,Phytolaccaceae,US,Mississippi
1,Phytolaccaceae,US,New Jersey
1,Phytolaccaceae,US,New York
1,Phytolaccaceae,US,North Carolina
1,Phytolaccaceae,US,Ohio
1,Phytolaccaceae,US,Pennsylvania
1,Phytolaccaceae,US,Virginia
1,Pinaceae,CA,New Brunswick
1,Pinaceae,CA,Newfoundland and Labrador
1,Pinaceae,US,Connecticut
1,Pinaceae,US,Georgia
1,Pinaceae,US,Kentucky
1,Pinaceae,US,Massachusetts
1,Pinaceae,US,Nevada
1,Pinaceae,US,New York
1,Pinaceae,US,North Carolina
1,Pinaceae,US,Ohio
1,Pinaceae,US,Pennsylvania
1,Pinaceae,US,Tennessee
1,Pinaceae,US,Wisconsin
1,Plantaginaceae,CA,Alberta
1,Plantaginaceae,CA,New Brunswick
1,Plantaginaceae,CA,Nova Scotia
1,Plantaginaceae,CA,Prince Edward Island
1,Plantaginaceae,CA,Québec
1,Plantaginaceae,CA,Saskatchewan
1,Plantaginaceae,US,Arkansas
1,Plantaginaceae,US,Georgia
1,Plantaginaceae,US,Illinois
1,Plantaginaceae,US,Kentucky
1,Plantaginaceae,US,Michigan
1,Plantaginaceae,US,Mississippi
1,Plantaginaceae,US,Missouri
1,Plantaginaceae,US,New Hampshire
1,Plantaginaceae,US,North Carolina
1,Plantaginaceae,US,Oklahoma
1,Plantaginaceae,US,South Dakota
1,Plantaginaceae,US,Vermont
1,Plantaginaceae,US,Wyoming
1,Platanaceae,US,Arkansas
1,Platanaceae,US,Delaware
1,Platanaceae,US,Kentucky
1,Platanaceae,US,Louisiana
1,Platanaceae,US,New Jersey
1,Platanaceae,US,New York
1,Platanaceae,US,Ohio
1,Platanaceae,US,Pennsylvania
1,Platanaceae,US,Tennessee
1,Platanaceae,US,Texas
1,Platanaceae,US,Virginia
1,Poaceae,CA,Saskatchewan
1,Poaceae,US,Alabama
1,Poaceae,US,Colorado
1,Poaceae,US,Kentucky
1,Poaceae,US,Massachusetts
1,Poaceae,US,Michigan
1,Poaceae,US,Minnesota
1,Poaceae,US,North Carolina
1,Poaceae,US,Oregon
1,Poaceae,US,Tennessee
1,Poaceae,US,Utah
1,Poaceae,US,Wisconsin
1,Polemoniaceae,CA,Ontario
1,Polemoniaceae,CA,Saskatchewan
1,Polemoniaceae,CA,Yukon
1,Polemoniaceae,US,Idaho
1,Polemoniaceae,US,South Dakota
1,Polemoniaceae,US,Utah
1,Polemoniaceae,US,Washington
1,Polemoniaceae,US,Wisconsin
1,Polemoniaceae,US,Wyoming
1,Polygalaceae,CA,Ontario
1,Polygalaceae,CA,Québec
1,Polygalaceae,US,California
1,Polygalaceae,US,Florida
1,Polygalaceae,US,Hawaii
1,Polygalaceae,US,Louisiana
1,Polygalaceae,US,Michigan
1,Polygalaceae,US,New Hampshire
1,Polygalaceae,US,New York
1,Polygalaceae,US,North Carolina
1,Polygalaceae,US,Wisconsin
1,Polygonaceae,CA,New Brunswick
1,Polygonaceae,CA,Nova Scotia
1,Polygonaceae,CA,Prince Edward Island
1,Polygonaceae,CA,Saskatchewan
1,Polygonaceae,US,Alabama
1,Polygonaceae,US,Arizona
1,Polygonaceae,US,Delaware
1,Polygonaceae,US,Georgia
1,Polygonaceae,US,Idaho
1,Polygonaceae,US,Indiana
1,Polygonaceae,US,Iowa
1,Polygonaceae,US,Maine
1,Polygonaceae,US,Nevada
1,Polygonaceae,US,New Hampshire
1,Polygonaceae,US,North Carolina
1,Polygonaceae,US,Vermont
1,Polygonaceae,US,Washington
1,Polypodiaceae,CA,Ontario
1,Polypodiaceae,US,Alabama
1,Polypodiaceae,US,Georgia
1,Polypodiaceae,US,Hawaii
1,Polypodiaceae,US,Idaho
1,Polypodiaceae,US,New York
1,Polypodiaceae,US,North Carolina
1,Polypodiaceae,US,Oregon
1,Polypodiaceae,US,Vermont
1,Polytrichaceae,CA,British Columbia
1,Polytrichaceae,CA,Ontario
1,Pontederiaceae,CA,Ontario
1,Pontederiaceae,US,Florida
1,Pontederiaceae,US,Louisiana
1,Pontederiaceae,US,New Jersey
1,Pontederiaceae,US,North Carolina
1,Pontederiaceae,US,Virginia
1,Portulacaceae,US,California
1,Portulacaceae,US,Florida
1,Portulacaceae,US,Washington
1,Potamogetonaceae,US,California
1,Potamogetonaceae,US,District of Columbia
1,Potamogetonaceae,US,Indiana
1,Potamogetonaceae,US,Washington
1,Primulaceae,CA,New Brunswick
1,Primulaceae,CA,Northwest Territories
1,Primulaceae,CA,Nova Scotia
1,Primulaceae,CA,Prince Edward Island
1,Primulaceae,CA,Yukon
1,Primulaceae,US,Connecticut
1,Primulaceae,US,Delaware
1,Primulaceae,US,Georgia
1,Primulaceae,US,Indiana
1,Primulaceae,US,Maine
1,Primulaceae,US,Maryland
1,Primulaceae,US,Massachusetts
1,Primulaceae,US,Missouri
1,Primulaceae,US,New Hampshire
1,Primulaceae,US,Vermont
1,Primulaceae,US,Virginia
1,Primulaceae,US,Wisconsin
1,Proteaceae,US,California
1,Psilotaceae,US,Florida
1,Pteridaceae,CA,British Columbia
1,Pteridaceae,CA,Québec
1,Pteridaceae,US,Idaho
1,Pteridaceae,US,Illinois
1,Pteridaceae,US,Maryland
1,Pteridaceae,US,Massachusetts
1,Pteridaceae,US,Pennsylvania
1,Pteridaceae,US,South Carolina
1,Pteridaceae,US,Vermont
1,Pteridaceae,US,Washington
1,Pteridaceae,US,West Virginia
1,Ptilidiaceae,US,New Hampshire
1,Pylaisiaceae,CA,Québec
1,Pylaisiadelphaceae,US,Washington
1,Ranunculaceae,US,Alabama
1,Ranunculaceae,US,Arkansas
1,Ranunculaceae,US,California
1,Ranunculaceae,US,Connecticut
1,Ranunculaceae,US,Delaware
1,Ranunculaceae,US,Georgia
1,Ranunculaceae,US,Iowa
1,Ranunculaceae,US,Kansas
1,Ranunculaceae,US,Kentucky
1,Ranunculaceae,US,Montana
1,Ranunculaceae,US,Nebraska
1,Ranunculaceae,US,Oklahoma
1,Ranunculaceae,US,Pennsylvania
1,Ranunculaceae,US,Rhode Island
1,Ranunculaceae,US,South Carolina
1,Ranunculaceae,US,Virginia
1,Rhamnaceae,CA,Alberta
1,Rhamnaceae,CA,Nova Scotia
1,Rhamnaceae,CA,Ontario
1,Rhamnaceae,US,Arkansas
1,Rhamnaceae,US,Georgia
1,Rhamnaceae,US,Massachusetts
1,Rhamnaceae,US,Minnesota
1,Rhamnaceae,US,Mississippi
1,Rhamnaceae,US,New Hampshire
1,Rhamnaceae,US,Ohio
1,Rhamnaceae,US,Texas
1,Rhamnaceae,US,Vermont
1,Rhamnaceae,US,Wisconsin
1,Rhodomelaceae,US,Florida
1,Rosaceae,CA,Manitoba
1,Rosaceae,CA,New Brunswick
1,Rosaceae,US,Alabama
1,Rosaceae,US,Delaware
1,Rosaceae,US,Indiana
1,Rosaceae,US,Iowa
1,Rosaceae,US,Kansas
1,Rosaceae,US,Kentucky
1,Rosaceae,US,New Mexico
1,Rosaceae,US,Utah
1,Rubiaceae,CA,British Columbia
1,Rubiaceae,CA,Prince Edward Island
1,Rubiaceae,CA,Québec
1,Rubiaceae,CA,Saskatchewan
1,Rubiaceae,US,Alabama
1,Rubiaceae,US,California
1,Rubiaceae,US,Connecticut
1,Rubiaceae,US,Delaware
1,Rubiaceae,US,Illinois
1,Rubiaceae,US,Kentucky
1,Rubiaceae,US,Louisiana
1,Rubiaceae,US,Michigan
1,Rubiaceae,US,Minnesota
1,Rubiaceae,US,Mississippi
1,Rubiaceae,US,New Mexico
1,Rubiaceae,US,South Dakota
1,Rubiaceae,US,Vermont
1,Rubiaceae,US,West Virginia
1,Rutaceae,US,Indiana
1,Rutaceae,US,Michigan
1,Rutaceae,US,Missouri
1,Rutaceae,US,New Mexico
1,Salicaceae,CA,New Brunswick
1,Salicaceae,CA,Prince Edward Island
1,Salicaceae,CA,Saskatchewan
1,Salicaceae,CA,Yukon
1,Salicaceae,US,Alaska
1,Salicaceae,US,Colorado
1,Salicaceae,US,Idaho
1,Salicaceae,US,Illinois
1,Salicaceae,US,Indiana
1,Salicaceae,US,Kentucky
1,Salicaceae,US,Montana
1,Salicaceae,US,New Hampshire
1,Salicaceae,US,New York
1,Salicaceae,US,Ohio
1,Salicaceae,US,Pennsylvania
1,Salicaceae,US,Tennessee
1,Salicaceae,US,Wisconsin
1,Santalaceae,US,Hawaii
1,Sapindaceae,CA,Manitoba
1,Sapindaceae,CA,New Brunswick
1,Sapindaceae,CA,Prince Edward Island
1,Sapindaceae,CA,Saskatchewan
1,Sapindaceae,US,Arkansas
1,Sapindaceae,US,Colorado
1,Sapindaceae,US,District of Columbia
1,Sapindaceae,US,Hawaii
1,Sapindaceae,US,Illinois
1,Sapindaceae,US,Iowa
1,Sapindaceae,US,Maine
1,Sapindaceae,US,Mississippi
1,Sapindaceae,US,Missouri
1,Sapindaceae,US,New Jersey
1,Sapindaceae,US,New Mexico
1,Sapindaceae,US,North Dakota
1,Sapindaceae,US,Oregon
1,Sapindaceae,US,Rhode Island
1,Sapindaceae,US,Utah
1,Sarcobataceae,CA,Saskatchewan
1,Sarraceniaceae,CA,Nova Scotia
1,Sarraceniaceae,US,Louisiana
1,Sarraceniaceae,US,Maine
1,Sarraceniaceae,US,Minnesota
1,Sarraceniaceae,US,New Hampshire
1,Sarraceniaceae,US,West Virginia
1,Sarraceniaceae,US,Wisconsin
1,Saururaceae,US,California
1,Saururaceae,US,Georgia
1,Saururaceae,US,Kentucky
1,Saururaceae,US,Massachusetts
1,Saururaceae,US,Michigan
1,Saururaceae,US,Mississippi
1,Saururaceae,US,North Carolina
1,Saururaceae,US,Ohio
1,Saururaceae,US,Pennsylvania
1,Saururaceae,US,Texas
1,Saururaceae,US,Washington
1,Saxifragaceae,CA,Nova Scotia
1,Saxifragaceae,US,Alaska
1,Saxifragaceae,US,Idaho
1,Saxifragaceae,US,Illinois
1,Saxifragaceae,US,Michigan
1,Saxifragaceae,US,Minnesota
1,Saxifragaceae,US,Montana
1,Saxifragaceae,US,Pennsylvania
1,Saxifragaceae,US,Utah
1,Saxifragaceae,US,Vermont
1,Saxifragaceae,US,Wisconsin
1,Scheuchzeriaceae,US,Wisconsin
1,Scrophulariaceae,CA,Ontario
1,Scrophulariaceae,CA,Québec
1,Scrophulariaceae,US,California
1,Scrophulariaceae,US,Connecticut
1,Scrophulariaceae,US,Indiana
1,Scrophulariaceae,US,Massachusetts
1,Scrophulariaceae,US,Michigan
1,Scrophulariaceae,US,Missouri
1,Scrophulariaceae,US,Ohio
1,Scrophulariaceae,US,Oregon
1,Scrophulariaceae,US,Tennessee
1,Scrophulariaceae,US,Utah
1,Scrophulariaceae,US,West Virginia
1,Selaginellaceae,US,Arizona
1,Selaginellaceae,US,Florida
1,Selaginellaceae,US,Michigan
1,Simaroubaceae,US,Maryland
1,Simaroubaceae,US,Missouri
1,Simaroubaceae,US,New York
1,Simaroubaceae,US,Ohio
1,Simaroubaceae,US,Pennsylvania
1,Simaroubaceae,US,Texas
1,Simaroubaceae,US,Virginia
1,Smilacaceae,CA,Québec
1,Smilacaceae,US,Illinois
1,Smilacaceae,US,Indiana
1,Smilacaceae,US,Massachusetts
1,Smilacaceae,US,New York
1,Smilacaceae,US,Pennsylvania
1,Smilacaceae,US,South Carolina
1,Smilacaceae,US,Tennessee
1,Smilacaceae,US,Texas
1,Solanaceae,CA,Alberta
1,Solanaceae,CA,British Columbia
1,Solanaceae,CA,Ontario
1,Solanaceae,US,Arizona
1,Solanaceae,US,Colorado
1,Solanaceae,US,Florida
1,Solanaceae,US,Georgia
1,Solanaceae,US,Illinois
1,Solanaceae,US,Kansas
1,Solanaceae,US,Kentucky
1,Solanaceae,US,Massachusetts
1,Solanaceae,US,Michigan
1,Solanaceae,US,Missouri
1,Solanaceae,US,New York
1,Solanaceae,US,North Carolina
1,Solanaceae,US,North Dakota
1,Solanaceae,US,Ohio
1,Solanaceae,US,Oklahoma
1,Solanaceae,US,Pennsylvania
1,Solanaceae,US,South Carolina
1,Solanaceae,US,Tennessee
1,Solanaceae,US,Virginia
1,Sphagnaceae,CA,British Columbia
1,Staphyleaceae,US,Virginia
1,Styracaceae,US,Georgia
1,Talinaceae,US,Texas
1,Taxaceae,CA,British Columbia
1,Taxaceae,CA,Ontario
1,Taxaceae,US,California
1,Taxaceae,US,Kentucky
1,Taxaceae,US,Washington
1,Theaceae,US,North Carolina
1,Thelypteridaceae,CA,New Brunswick
1,Thelypteridaceae,CA,Ontario
1,Thelypteridaceae,US,Connecticut
1,Thelypteridaceae,US,Delaware
1,Thelypteridaceae,US,Kentucky
1,Thelypteridaceae,US,Michigan
1,Thelypteridaceae,US,New Jersey
1,Thelypteridaceae,US,Ohio
1,Thelypteridaceae,US,Texas
1,Thelypteridaceae,US,Virginia
1,Thelypteridaceae,US,Wisconsin
1,Thuidiaceae,CA,Ontario
1,Thymelaeaceae,CA,British Columbia
1,Thymelaeaceae,CA,Québec
1,Thymelaeaceae,US,Texas
1,Trichocoleaceae,CA,Québec
1,Tropaeolaceae,US,California
1,Turneraceae,US,Florida
1,Typhaceae,CA,Ontario
1,Typhaceae,US,Colorado
1,Typhaceae,US,Delaware
1,Typhaceae,US,Illinois
1,Typhaceae,US,Pennsylvania
1,Typhaceae,US,Texas
1,Ulmaceae,CA,Ontario
1,Ulmaceae,US,Colorado
1,Ulmaceae,US,Georgia
1,Ulmaceae,US,Maryland
1,Ulmaceae,US,New York
1,Ulmaceae,US,Ohio
1,Ulmaceae,US,Pennsylvania
1,Ulmaceae,US,Texas
1,Urticaceae,CA,Alberta
1,Urticaceae,CA,British Columbia
1,Urticaceae,CA,Ontario
1,Urticaceae,US,Florida
1,Urticaceae,US,Hawaii
1,Urticaceae,US,Illinois
1,Urticaceae,US,Maryland
1,Urticaceae,US,Minnesota
1,Urticaceae,US,New Jersey
1,Verbenaceae,US,Hawaii
1,Verbenaceae,US,Kansas
1,Verbenaceae,US,Michigan
1,Verbenaceae,US,Mississippi
1,Verbenaceae,US,North Carolina
1,Verbenaceae,US,Tennessee
1,Viburnaceae,CA,British Columbia
1,Viburnaceae,CA,Nova Scotia
1,Viburnaceae,CA,Prince Edward Island
1,Viburnaceae,CA,Saskatchewan
1,Viburnaceae,US,Alaska
1,Viburnaceae,US,Arkansas
1,Viburnaceae,US,California
1,Viburnaceae,US,Connecticut
1,Viburnaceae,US,Delaware
1,Viburnaceae,US,Florida
1,Viburnaceae,US,Illinois
1,Viburnaceae,US,Indiana
1,Viburnaceae,US,Kentucky
1,Viburnaceae,US,Louisiana
1,Viburnaceae,US,Mississippi
1,Viburnaceae,US,Missouri
1,Viburnaceae,US,New Jersey
1,Viburnaceae,US,Ohio
1,Viburnaceae,US,South Carolina
1,Viburnaceae,US,Tennessee
1,Viburnaceae,US,Washington
1,Violaceae,CA,Nova Scotia
1,Violaceae,CA,Québec
1,Violaceae,US,Alaska
1,Violaceae,US,California
1,Violaceae,US,Illinois
1,Violaceae,US,Maryland
1,Violaceae,US,Minnesota
1,Violaceae,US,New Hampshire
1,Violaceae,US,Ohio
1,Violaceae,US,Pennsylvania
1,Violaceae,US,South Dakota
1,Violaceae,US,Wyoming
1,Viscaceae,US,New Mexico
1,Vitaceae,US,Arkansas
1,Vitaceae,US,Delaware
1,Vitaceae,US,District of Columbia
1,Vitaceae,US,Illinois
1,Vitaceae,US,Iowa
1,Vitaceae,US,Maryland
1,Vitaceae,US,Massachusetts
1,Vitaceae,US,Mississippi
1,Vitaceae,US,New Hampshire
1,Vitaceae,US,New Jersey
1,Vitaceae,US,New Mexico
1,Vitaceae,US,Ohio
1,Vitaceae,US,Oklahoma
1,Vitaceae,US,Pennsylvania
1,Zingiberaceae,US,Florida
1,Zingiberaceae,US,Hawaii
1,Zygophyllaceae,US,Arizona
1,Zygophyllaceae,US,New Mexico
1,Zygophyllaceae,US,Utah
2,Acanthaceae,US,Arkansas
2,Acanthaceae,US,Georgia
2,Aizoaceae,US,California
2,Amaranthaceae,US,California
2,Amaranthaceae,US,Colorado
2,Amaranthaceae,US,New Mexico
2,Amaranthaceae,US,Texas
2,Amaryllidaceae,CA,British Columbia
2,Amaryllidaceae,CA,Ontario
2,Amaryllidaceae,US,California
2,Amaryllidaceae,US,Georgia
2,Amaryllidaceae,US,Illinois
2,Amaryllidaceae,US,Ohio
2,Anacardiaceae,CA,Ontario
2,Anacardiaceae,US,Colorado
2,Anacardiaceae,US,Indiana
2,Anacardiaceae,US,Missouri
2,Anacardiaceae,US,New Hampshire
2,Anacardiaceae,US,New Jersey
2,Anacardiaceae,US,New York
2,Anacardiaceae,US,North Carolina
2,Anacardiaceae,US,Ohio
2,Anacardiaceae,US,Oregon
2,Anacardiaceae,US,Tennessee
2,Anacardiaceae,US,Virginia
2,Annonaceae,US,Georgia
2,Apiaceae,CA,Alberta
2,Apiaceae,CA,Ontario
2,Apiaceae,CA,Québec
2,Apiaceae,US,Indiana
2,Apiaceae,US,Iowa
2,Apiaceae,US,Maryland
2,Apiaceae,US,Massachusetts
2,Apiaceae,US,New Hampshire
2,Apiaceae,US,New York
2,Apiaceae,US,West Virginia
2,Apocynaceae,CA,Ontario
2,Apocynaceae,CA,Québec
2,Apocynaceae,US,Alabama
2,Apocynaceae,US,Georgia
2,Apocynaceae,US,Louisiana
2,Apocynaceae,US,Michigan
2,Apocynaceae,US,New Jersey
2,Apocynaceae,US,Ohio
2,Apocynaceae,US,Oregon
2,Apocynaceae,US,South Carolina
2,Apocynaceae,US,West Virginia
2,Aquifoliaceae,US,Georgia
2,Aquifoliaceae,US,North Carolina
2,Aquifoliaceae,US,Texas
2,Araceae,CA,Québec
2,Araceae,US,Florida
2,Araceae,US,Georgia
2,Araceae,US,Maryland
2,Araceae,US,Massachusetts
2,Araceae,US,Minnesota
2,Araceae,US,New York
2,Araceae,US,Ohio
2,Araliaceae,CA,Ontario
2,Araliaceae,US,Alabama
2,Araliaceae,US,Connecticut
2,Araliaceae,US,New Jersey
2,Araliaceae,US,North Carolina
2,Araliaceae,US,Virginia
2,Araliaceae,US,Washington
2,Asparagaceae,CA,Manitoba
2,Asparagaceae,US,Colorado
2,Asparagaceae,US,Connecticut
2,Asparagaceae,US,Florida
2,Asparagaceae,US,Illinois
2,Asparagaceae,US,Indiana
2,Asparagaceae,US,Maine
2,Asparagaceae,US,New Mexico
2,Asparagaceae,US,North Carolina
2,Asparagaceae,US,Virginia
2,Asparagaceae,US,Washington
2,Asparagaceae,US,Wyoming
2,Asteraceae,CA,Manitoba
2,Asteraceae,US,Kentucky
2,Asteraceae,US,Maine
2,Asteraceae,US,Nevada
2,Asteraceae,US,South Carolina
2,Asteraceae,US,West Virginia
2,Athyriaceae,US,Michigan
2,Athyriaceae,US,New York
2,Athyriaceae,US,Pennsylvania
2,Balsaminaceae,CA,Ontario
2,Balsaminaceae,US,Pennsylvania
2,Berberidaceae,US,California
2,Berberidaceae,US,Michigan
2,Berberidaceae,US,New York
2,Berberidaceae,US,Oregon
2,Berberidaceae,US,Pennsylvania
2,Berberidaceae,US,West Virginia
2,Berberidaceae,US,Wisconsin
2,Betulaceae,CA,Nova Scotia
2,Betulaceae,CA,Québec
2,Betulaceae,US,Ohio
2,Betulaceae,US,Tennessee
2,Betulaceae,US,Washington
2,Bignoniaceae,US,Massachusetts
2,Bignoniaceae,US,New York
2,Blechnaceae,US,California
2,Boraginaceae,US,Alaska
2,Boraginaceae,US,California
2,Boraginaceae,US,Illinois
2,Brassicaceae,CA,Manitoba
2,Brassicaceae,CA,New Brunswick
2,Brassicaceae,CA,Nova Scotia
2,Brassicaceae,CA,Québec
2,Brassicaceae,CA,Saskatchewan
2,Brassicaceae,US,Georgia
2,Brassicaceae,US,Indiana
2,Brassicaceae,US,New Hampshire
2,Brassicaceae,US,Ohio
2,Brassicaceae,US,Virginia
2,Bromeliaceae,US,Texas
2,Cactaceae,CA,Saskatchewan
2,Cactaceae,US,Nevada
2,Cactaceae,US,North Carolina
2,Campanulaceae,US,North Carolina
2,Campanulaceae,US,Virginia
2,Cannabaceae,US,Texas
2,Caprifoliaceae,CA,Alberta
2,Caprifoliaceae,CA,Québec
2,Caprifoliaceae,US,Colorado
2,Caprifoliaceae,US,Idaho
2,Caprifoliaceae,US,Massachusetts
2,Caprifoliaceae,US,Missouri
2,Caprifoliaceae,US,New Jersey
2,Caprifoliaceae,US,New York
2,Caprifoliaceae,US,Texas
2,Caprifoliaceae,US,Vermont
2,Caprifoliaceae,US,West Virginia
2,Caprifoliaceae,US,Wisconsin
2,Caryophyllaceae,CA,Ontario
2,Caryophyllaceae,CA,Québec
2,Caryophyllaceae,US,Maine
2,Caryophyllaceae,US,Michigan
2,Caryophyllaceae,US,Minnesota
2,Caryophyllaceae,US,New Hampshire
2,Caryophyllaceae,US,North Carolina
2,Caryophyllaceae,US,Tennessee
2,Celastraceae,US,Connecticut
2,Celastraceae,US,Illinois
2,Celastraceae,US,New York
2,Chrysobalanaceae,US,Florida
2,Cleomaceae,US,California
2,Colchicaceae,US,Massachusetts
2,Comandraceae,CA,Alberta
2,Commelinaceae,US,Florida
2,Commelinaceae,US,Massachusetts
2,Commelinaceae,US,North Carolina
2,Commelinaceae,US,Pennsylvania
2,Commelinaceae,US,Texas
2,Convolvulaceae,US,California
2,Convolvulaceae,US,Colorado
2,Convolvulaceae,US,Georgia
2,Cornaceae,CA,Alberta
2,Cornaceae,CA,British Columbia
2,Cornaceae,CA,Nova Scotia
2,Cornaceae,CA,Québec
2,Cornaceae,US,Oregon
2,Crassulaceae,US,Colorado
2,Crassulaceae,US,Missouri
2,Crassulaceae,US,Pennsylvania
2,Crassulaceae,US,Washington
2,Cucurbitaceae,US,California
2,Cupressaceae,CA,British Columbia
2,Cupressaceae,CA,Québec
2,Cupressaceae,US,California
2,Cupressaceae,US,Michigan
2,Cupressaceae,US,Minnesota
2,Cupressaceae,US,Virginia
2,Cyperaceae,US,Connecticut
2,Cyperaceae,US,New Jersey
2,Cyperaceae,US,Texas
2,Cyperaceae,US,Washington
2,Cystopteridaceae,CA,Ontario
2,Dennstaedtiaceae,CA,Nova Scotia
2,Dennstaedtiaceae,CA,Québec
2,Dennstaedtiaceae,US,Maine
2,Dennstaedtiaceae,US,Pennsylvania
2,Dicranaceae,US,Washington
2,Droseraceae,CA,British Columbia
2,Droseraceae,US,Louisiana
2,Droseraceae,US,Wisconsin
2,Dryopteridaceae,CA,British Columbia
2,Dryopteridaceae,US,Michigan
2,Dryopteridaceae,US,New Hampshire
2,Equisetaceae,CA,Ontario
2,Equisetaceae,US,New York
2,Equisetaceae,US,Washington
2,Ericaceae,CA,New Brunswick
2,Ericaceae,CA,Nova Scotia
2,Ericaceae,CA,Saskatchewan
2,Ericaceae,CA,Yukon
2,Ericaceae,US,Ohio
2,Ericaceae,US,West Virginia
2,Eriocaulaceae,US,North Carolina
2,Euphorbiaceae,US,Arkansas
2,Euphorbiaceae,US,Colorado
2,Euphorbiaceae,US,Hawaii
2,Euphorbiaceae,US,Louisiana
2,Fabaceae,CA,Nova Scotia
2,Fabaceae,US,Connecticut
2,Fabaceae,US,District of Columbia
2,Fabaceae,US,Idaho
2,Fabaceae,US,Kansas
2,Fabaceae,US,Maine
2,Fabaceae,US,Nebraska
2,Fabaceae,US,Utah
2,Fabaceae,US,Vermont
2,Fagaceae,CA,Québec
2,Fagaceae,US,Georgia
2,Fagaceae,US,New Jersey
2,Fagaceae,US,Tennessee
2,Fagaceae,US,West Virginia
2,Fagaceae,US,Wisconsin
2,Gentianaceae,US,Colorado
2,Geraniaceae,CA,British Columbia
2,Geraniaceae,US,Maine
2,Geraniaceae,US,Massachusetts
2,Geraniaceae,US,Michigan
2,Geraniaceae,US,Vermont
2,Geraniaceae,US,Virginia
2,Grossulariaceae,CA,Alberta
2,Grossulariaceae,US,Colorado
2,Grossulariaceae,US,Michigan
2,Hydrangeaceae,US,Colorado
2,Hydrangeaceae,US,New York
2,Hydrophyllaceae,CA,British Columbia
2,Hydrophyllaceae,US,Illinois
2,Hydrophyllaceae,US,Washington
2,Hylocomiaceae,CA,Québec
2,Iridaceae,CA,Québec
2,Iridaceae,US,Colorado
2,Iridaceae,US,Indiana
2,Iridaceae,US,Minnesota
2,Iridaceae,US,New Hampshire
2,Iridaceae,US,Texas
2,Iridaceae,US,Wisconsin
2,Juglandaceae,US,Ohio
2,Juglandaceae,US,Pennsylvania
2,Juncaceae,US,Texas
2,Lamiaceae,US,Maryland
2,Lamiaceae,US,Mississippi
2,Lamiaceae,US,Vermont
2,Lauraceae,US,Michigan
2,Lauraceae,US,Missouri
2,Lauraceae,US,Pennsylvania
2,Liliaceae,CA,New Brunswick
2,Liliaceae,CA,Ontario
2,Liliaceae,US,Maine
2,Liliaceae,US,New Hampshire
2,Liliaceae,US,Vermont
2,Loasaceae,US,California
2,Lycopodiaceae,CA,Prince Edward Island
2,Lycopodiaceae,US,Minnesota
2,Magnoliaceae,US,New Jersey
2,Magnoliaceae,US,Ohio
2,Magnoliaceae,US,Pennsylvania
2,Malvaceae,CA,Ontario
2,Malvaceae,CA,Québec
2,Malvaceae,US,Georgia
2,Malvaceae,US,Hawaii
2,Malvaceae,US,Michigan
2,Melanthiaceae,CA,Alberta
2,Melanthiaceae,US,California
2,Melanthiaceae,US,Massachusetts
2,Melanthiaceae,US,New Hampshire
2,Melanthiaceae,US,New York
2,Melanthiaceae,US,Oregon
2,Melanthiaceae,US,Vermont
2,Melanthiaceae,US,Wisconsin
2,Melastomataceae,US,Florida
2,Montiaceae,US,Oregon
2,Moraceae,US,Pennsylvania
2,Myricaceae,CA,Ontario
2,Myrtaceae,US,Hawaii
2,Nyctaginaceae,US,Texas
2,Nymphaeaceae,CA,Ontario
2,Oleaceae,US,Arizona
2,Oleaceae,US,Ohio
2,Oleaceae,US,Texas
2,Onagraceae,CA,Alberta
2,Onagraceae,CA,Saskatchewan
2,Onagraceae,US,Florida
2,Onagraceae,US,Oregon
2,Onagraceae,US,Wyoming
2,Onocleaceae,CA,Nova Scotia
2,Onocleaceae,CA,Ontario
2,Onocleaceae,US,New Hampshire
2,Onocleaceae,US,New York
2,Onocleaceae,US,Pennsylvania
2,Onocleaceae,US,Wisconsin
2,Orchidaceae,CA,Nova Scotia
2,Orchidaceae,CA,Québec
2,Orchidaceae,US,Indiana
2,Orchidaceae,US,Maryland
2,Orchidaceae,US,Massachusetts
2,Orchidaceae,US,Minnesota
2,Orchidaceae,US,Montana
2,Orchidaceae,US,North Carolina
2,Orchidaceae,US,Virginia
2,Orchidaceae,US,Wisconsin
2,Orobanchaceae,CA,British Columbia
2,Orobanchaceae,US,Colorado
2,Orobanchaceae,US,Nevada
2,Orobanchaceae,US,New Mexico
2,Orobanchaceae,US,New York
2,Orobanchaceae,US,Ohio
2,Orobanchaceae,US,Texas
2,Orobanchaceae,US,Virginia
2,Orobanchaceae,US,Washington
2,Osmundaceae,US,Maine
2,Osmundaceae,US,Massachusetts
2,Osmundaceae,US,Minnesota
2,Osmundaceae,US,New Hampshire
2,Osmundaceae,US,New Jersey
2,Osmundaceae,US,New York
2,Papaveraceae,CA,Alberta
2,Papaveraceae,US,Colorado
2,Papaveraceae,US,Connecticut
2,Papaveraceae,US,Michigan
2,Papaveraceae,US,New York
2,Papaveraceae,US,Oregon
2,Papaveraceae,US,Vermont
2,Papaveraceae,US,Washington
2,Passifloraceae,US,Alabama
2,Passifloraceae,US,Georgia
2,Passifloraceae,US,North Carolina
2,Phytolaccaceae,US,Texas
2,Pinaceae,CA,Nova Scotia
2,Pinaceae,US,Alaska
2,Pinaceae,US,Colorado
2,Pinaceae,US,Maine
2,Pinaceae,US,New Hampshire
2,Pinaceae,US,Utah
2,Pinaceae,US,Wyoming
2,Plantaginaceae,CA,Ontario
2,Plantaginaceae,US,Connecticut
2,Plantaginaceae,US,Hawaii
2,Plantaginaceae,US,Maryland
2,Plantaginaceae,US,Massachusetts
2,Plantaginaceae,US,New Mexico
2,Plumbaginaceae,US,California
2,Poaceae,CA,Alberta
2,Poaceae,US,Delaware
2,Poaceae,US,Florida
2,Poaceae,US,Indiana
2,Poaceae,US,Maryland
2,Poaceae,US,Montana
2,Poaceae,US,South Carolina
2,Poaceae,US,West Virginia
2,Polemoniaceae,CA,British Columbia
2,Polemoniaceae,US,Colorado
2,Polemoniaceae,US,Oregon
2,Polygonaceae,CA,Ontario
2,Polygonaceae,US,Florida
2,Polygonaceae,US,Kentucky
2,Polygonaceae,US,Oregon
2,Polygonaceae,US,Wyoming
2,Polypodiaceae,US,Florida
2,Pontederiaceae,US,Texas
2,Potamogetonaceae,US,Maryland
2,Primulaceae,CA,Ontario
2,Primulaceae,CA,Québec
2,Primulaceae,US,Alaska
2,Primulaceae,US,California
2,Primulaceae,US,Illinois
2,Primulaceae,US,Minnesota
2,Primulaceae,US,New Jersey
2,Primulaceae,US,New York
2,Primulaceae,US,Oregon
2,Primulaceae,US,Texas
2,Pteridaceae,CA,Ontario
2,Pteridaceae,US,Oregon
2,Pteridaceae,US,Texas
2,Ranunculaceae,CA,Yukon
2,Ranunculaceae,US,Maine
2,Ranunculaceae,US,Missouri
2,Ranunculaceae,US,New Hampshire
2,Ranunculaceae,US,New Mexico
2,Ranunculaceae,US,Tennessee
2,Ranunculaceae,US,Vermont
2,Ranunculaceae,US,West Virginia
2,Ranunculaceae,US,Wyoming
2,Rhamnaceae,CA,British Columbia
2,Rhamnaceae,CA,Québec
2,Rhamnaceae,US,Michigan
2,Rhamnaceae,US,Oregon
2,Rosaceae,CA,Prince Edward Island
2,Rosaceae,US,Alaska
2,Rosaceae,US,Arizona
2,Rosaceae,US,Arkansas
2,Rosaceae,US,Connecticut
2,Rosaceae,US,Mississippi
2,Rosaceae,US,Missouri
2,Rosaceae,US,Wyoming
2,Rubiaceae,CA,Alberta
2,Rubiaceae,CA,Ontario
2,Rubiaceae,US,Arkansas
2,Rubiaceae,US,Georgia
2,Rubiaceae,US,Hawaii
2,Rubiaceae,US,Maine
2,Rubiaceae,US,Maryland
2,Rubiaceae,US,Massachusetts
2,Rubiaceae,US,New Hampshire
2,Rubiaceae,US,Texas
2,Rubiaceae,US,Virginia
2,Rubiaceae,US,Wisconsin
2,Rutaceae,US,California
2,Rutaceae,US,Illinois
2,Salicaceae,CA,Alberta
2,Salicaceae,CA,Nova Scotia
2,Salicaceae,CA,Ontario
2,Salicaceae,US,Maine
2,Salicaceae,US,Michigan
2,Salicaceae,US,Texas
2,Salicaceae,US,Vermont
2,Sapindaceae,CA,Alberta
2,Sapindaceae,CA,Nova Scotia
2,Sapindaceae,US,North Carolina
2,Sapindaceae,US,Tennessee
2,Sapindaceae,US,Vermont
2,Sapotaceae,US,Florida
2,Saururaceae,US,Maryland
2,Saururaceae,US,Virginia
2,Saxifragaceae,CA,Ontario
2,Saxifragaceae,CA,Québec
2,Scenedesmaceae,US,Florida
2,Scrophulariaceae,CA,British Columbia
2,Scrophulariaceae,US,New York
2,Scrophulariaceae,US,Pennsylvania
2,Scrophulariaceae,US,Virginia
2,Scrophulariaceae,US,Wisconsin
2,Smilacaceae,US,Maryland
2,Solanaceae,US,Arkansas
2,Solanaceae,US,Indiana
2,Solanaceae,US,Maryland
2,Solanaceae,US,New Mexico
2,Solanaceae,US,Utah
2,Solanaceae,US,Wisconsin
2,Thelypteridaceae,US,Massachusetts
2,Thelypteridaceae,US,New York
2,Urticaceae,US,Michigan
2,Urticaceae,US,Pennsylvania
2,Verbenaceae,US,Arkansas
2,Verbenaceae,US,California
2,Verbenaceae,US,Colorado
2,Verbenaceae,US,Maryland
2,Viburnaceae,CA,Alberta
2,Viburnaceae,CA,Québec
2,Viburnaceae,US,Maryland
2,Viburnaceae,US,Massachusetts
2,Viburnaceae,US,North Carolina
2,Viburnaceae,US,Texas
2,Viburnaceae,US,Vermont
2,Viburnaceae,US,Virginia
2,Violaceae,US,Oregon
2,Violaceae,US,Wisconsin
2,Vitaceae,CA,Ontario
2,Vitaceae,US,Alabama
2,Vitaceae,US,Florida
2,Vitaceae,US,Indiana
2,Vitaceae,US,Michigan
2,Vitaceae,US,Missouri
2,Vitaceae,US,North Carolina
2,Vitaceae,US,Virginia
2,Zygophyllaceae,US,Texas
3,Acanthaceae,US,Florida
3,Amaryllidaceae,US,Texas
3,Anacardiaceae,US,Massachusetts
3,Anacardiaceae,US,Pennsylvania
3,Anacardiaceae,US,Texas
3,Apiaceae,CA,British Columbia
3,Apiaceae,US,Florida
3,Apiaceae,US,Missouri
3,Apiaceae,US,Oregon
3,Apiaceae,US,Pennsylvania
3,Apiaceae,US,Texas
3,Apiaceae,US,Vermont
3,Apocynaceae,US,Kansas
3,Apocynaceae,US,Kentucky
3,Apocynaceae,US,Maryland
3,Apocynaceae,US,Massachusetts
3,Apocynaceae,US,Tennessee
3,Araceae,CA,Ontario
3,Araceae,US,Michigan
3,Araliaceae,CA,British Columbia
3,Araliaceae,US,Massachusetts
3,Araliaceae,US,New York
3,Arecaceae,US,Florida
3,Asparagaceae,CA,New Brunswick
3,Asparagaceae,US,Massachusetts
3,Asparagaceae,US,New York
3,Asparagaceae,US,Ohio
3,Asparagaceae,US,Pennsylvania
3,Asparagaceae,US,Texas
3,Asteraceae,CA,Nova Scotia
3,Asteraceae,US,Indiana
3,Asteraceae,US,New Hampshire
3,Balsaminaceae,CA,British Columbia
3,Berberidaceae,CA,Ontario
3,Berberidaceae,US,District of Columbia
3,Berberidaceae,US,Maryland
3,Berberidaceae,US,Ohio
3,Berberidaceae,US,Tennessee
3,Betulaceae,CA,Ontario
3,Betulaceae,US,Michigan
3,Betulaceae,US,Minnesota
3,Boraginaceae,CA,Ontario
3,Boraginaceae,US,Minnesota
3,Boraginaceae,US,Ohio
3,Boraginaceae,US,Wyoming
3,Brassicaceae,US,Connecticut
3,Brassicaceae,US,Massachusetts
3,Brassicaceae,US,Montana
3,Brassicaceae,US,Oregon
3,Brassicaceae,US,Vermont
3,Bromeliaceae,US,Florida
3,Cactaceae,US,California
3,Cactaceae,US,Colorado
3,Cactaceae,US,Utah
3,Caprifoliaceae,US,Illinois
3,Caprifoliaceae,US,Michigan
3,Caryophyllaceae,US,Illinois
3,Caryophyllaceae,US,Massachusetts
3,Caryophyllaceae,US,Wisconsin
3,Celastraceae,US,Ohio
3,Celastraceae,US,Pennsylvania
3,Convolvulaceae,US,North Carolina
3,Crassulaceae,US,Oregon
3,Cucurbitaceae,US,Texas
3,Cupressaceae,CA,Ontario
3,Cyperaceae,CA,British Columbia
3,Cyperaceae,US,Arkansas
3,Cyperaceae,US,Maine
3,Cyperaceae,US,Missouri
3,Cyperaceae,US,Vermont
3,Droseraceae,US,North Carolina
3,Dryopteridaceae,CA,Québec
3,Dryopteridaceae,US,California
3,Dryopteridaceae,US,Connecticut
3,Dryopteridaceae,US,New York
3,Dryopteridaceae,US,Pennsylvania
3,Elaeagnaceae,CA,Alberta
3,Ericaceae,CA,Newfoundland and Labrador
3,Ericaceae,US,Florida
3,Ericaceae,US,Maryland
3,Ericaceae,US,New Jersey
3,Ericaceae,US,New York
3,Ericaceae,US,Oregon
3,Ericaceae,US,South Carolina
3,Ericaceae,US,Tennessee
3,Ericaceae,US,Vermont
3,Euphorbiaceae,US,Arizona
3,Euphorbiaceae,US,California
3,Fabaceae,CA,Manitoba
3,Fabaceae,US,Indiana
3,Fabaceae,US,Kentucky
3,Fabaceae,US,New Hampshire
3,Fabaceae,US,Oklahoma
3,Fagaceae,US,Arkansas
3,Fagaceae,US,Connecticut
3,Fagaceae,US,Florida
3,Fagaceae,US,Maryland
3,Fagaceae,US,Massachusetts
3,Geraniaceae,CA,Ontario
3,Geraniaceae,US,California
3,Geraniaceae,US,Pennsylvania
3,Hydrophyllaceae,US,Ohio
3,Hydrophyllaceae,US,Pennsylvania
3,Iridaceae,US,California
3,Iridaceae,US,Illinois
3,Iridaceae,US,Massachusetts
3,Iridaceae,US,Oregon
3,Iridaceae,US,Vermont
3,Lamiaceae,CA,British Columbia
3,Lamiaceae,CA,Québec
3,Lamiaceae,US,Florida
3,Lamiaceae,US,Massachusetts
3,Lamiaceae,US,Minnesota
3,Lamiaceae,US,Missouri
3,Lamiaceae,US,North Carolina
3,Lamiaceae,US,Wisconsin
3,Liliaceae,CA,British Columbia
3,Liliaceae,CA,Nova Scotia
3,Liliaceae,US,Oregon
3,Linaceae,US,California
3,Malvaceae,US,Arkansas
3,Malvaceae,US,Florida
3,Melanthiaceae,CA,Ontario
3,Montiaceae,US,Washington
3,Nyctaginaceae,US,California
3,Nyctaginaceae,US,Colorado
3,Onagraceae,CA,British Columbia
3,Onagraceae,US,Washington
3,Orchidaceae,US,Connecticut
3,Orchidaceae,US,Michigan
3,Orchidaceae,US,Missouri
3,Orchidaceae,US,New Jersey
3,Orchidaceae,US,New York
3,Orchidaceae,US,Ohio
3,Orchidaceae,US,Oregon
3,Orobanchaceae,CA,Ontario
3,Orobanchaceae,US,Illinois
3,Orobanchaceae,US,Michigan
3,Orobanchaceae,US,Pennsylvania
3,Osmundaceae,CA,Nova Scotia
3,Osmundaceae,CA,Ontario
3,Osmundaceae,CA,Québec
3,Osmundaceae,US,Connecticut
3,Osmundaceae,US,Pennsylvania
3,Papaveraceae,CA,British Columbia
3,Pinaceae,CA,British Columbia
3,Pinaceae,US,California
3,Pinaceae,US,Michigan
3,Pinaceae,US,Oregon
3,Pinaceae,US,Washington
3,Plantaginaceae,US,Florida
3,Plantaginaceae,US,Tennessee
3,Plantaginaceae,US,Texas
3,Plantaginaceae,US,Virginia
3,Plantaginaceae,US,Wisconsin
3,Poaceae,US,Arkansas
3,Poaceae,US,New Mexico
3,Poaceae,US,New York
3,Poaceae,US,Pennsylvania
3,Polemoniaceae,US,Illinois
3,Polemoniaceae,US,Minnesota
3,Polemoniaceae,US,Texas
3,Polygonaceae,CA,British Columbia
3,Polygonaceae,US,Maryland
3,Polygonaceae,US,Massachusetts
3,Polygonaceae,US,Michigan
3,Polygonaceae,US,New Jersey
3,Polygonaceae,US,Ohio
3,Polygonaceae,US,Pennsylvania
3,Polygonaceae,US,Virginia
3,Primulaceae,CA,British Columbia
3,Primulaceae,US,Michigan
3,Primulaceae,US,Ohio
3,Primulaceae,US,Pennsylvania
3,Primulaceae,US,Washington
3,Ranunculaceae,CA,Manitoba
3,Ranunculaceae,CA,New Brunswick
3,Ranunculaceae,US,Alaska
3,Ranunculaceae,US,Colorado
3,Ranunculaceae,US,Illinois
3,Ranunculaceae,US,Maryland
3,Ranunculaceae,US,Ohio
3,Ranunculaceae,US,Oregon
3,Rosaceae,CA,Nova Scotia
3,Rosaceae,CA,Saskatchewan
3,Rosaceae,CA,Yukon
3,Rosaceae,US,Idaho
3,Rosaceae,US,Montana
3,Rosaceae,US,New Jersey
3,Rosaceae,US,North Carolina
3,Rosaceae,US,Rhode Island
3,Rosaceae,US,Texas
3,Rosaceae,US,Vermont
3,Rosaceae,US,West Virginia
3,Rubiaceae,US,New Jersey
3,Rubiaceae,US,North Carolina
3,Rubiaceae,US,Ohio
3,Rubiaceae,US,Pennsylvania
3,Rubiaceae,US,Tennessee
3,Rutaceae,US,Texas
3,Salicaceae,CA,British Columbia
3,Salicaceae,US,Massachusetts
3,Sapindaceae,CA,British Columbia
3,Sapindaceae,US,California
3,Sapindaceae,US,Maryland
3,Sapindaceae,US,Massachusetts
3,Sapindaceae,US,Texas
3,Sapindaceae,US,Virginia
3,Sapindaceae,US,Washington
3,Sapindaceae,US,Wisconsin
3,Sarraceniaceae,US,Florida
3,Verbenaceae,US,Alabama
3,Verbenaceae,US,Florida
3,Viburnaceae,US,Minnesota
3,Viburnaceae,US,New York
3,Viburnaceae,US,Pennsylvania
3,Violaceae,CA,Alberta
3,Violaceae,CA,British Columbia
3,Vitaceae,US,Georgia
3,Vitaceae,US,Minnesota
3,Vitaceae,US,New York
4,Acanthaceae,US,Texas
4,Apiaceae,US,Arkansas
4,Apiaceae,US,Minnesota
4,Apiaceae,US,Ohio
4,Apocynaceae,US,California
4,Apocynaceae,US,Mississippi
4,Apocynaceae,US,New York
4,Apocynaceae,US,Pennsylvania
4,Apocynaceae,US,Virginia
4,Araliaceae,US,Maryland
4,Araliaceae,US,Pennsylvania
4,Asparagaceae,CA,Alberta
4,Asparagaceae,CA,Québec
4,Asparagaceae,US,New Hampshire
4,Asparagaceae,US,Oregon
4,Asparagaceae,US,Vermont
4,Asteraceae,CA,Québec
4,Asteraceae,US,Arizona
4,Asteraceae,US,Connecticut
4,Asteraceae,US,Hawaii
4,Asteraceae,US,Iowa
4,Asteraceae,US,Nebraska
4,Asteraceae,US,Utah
4,Berberidaceae,US,North Carolina
4,Betulaceae,US,Pennsylvania
4,Boraginaceae,CA,Alberta
4,Boraginaceae,CA,British Columbia
4,Boraginaceae,US,Pennsylvania
4,Brassicaceae,US,Illinois
4,Brassicaceae,US,Maryland
4,Brassicaceae,US,Minnesota
4,Brassicaceae,US,New Jersey
4,Brassicaceae,US,New York
4,Cactaceae,US,Arizona
4,Caprifoliaceae,US,Indiana
4,Caprifoliaceae,US,Maryland
4,Caprifoliaceae,US,Ohio
4,Caprifoliaceae,US,Oregon
4,Caprifoliaceae,US,Washington
4,Caryophyllaceae,CA,British Columbia
4,Caryophyllaceae,US,New York
4,Caryophyllaceae,US,Ohio
4,Caryophyllaceae,US,Pennsylvania
4,Convolvulaceae,US,Florida
4,Cornaceae,CA,Ontario
4,Cyperaceae,CA,Nova Scotia
4,Cyperaceae,US,Illinois
4,Cyperaceae,US,Wisconsin
4,Dryopteridaceae,CA,Ontario
4,Dryopteridaceae,US,Ohio
4,Dryopteridaceae,US,Vermont
4,Equisetaceae,CA,Québec
4,Ericaceae,US,Georgia
4,Ericaceae,US,Virginia
4,Fabaceae,CA,Québec
4,Fabaceae,US,Alabama
4,Fabaceae,US,Hawaii
4,Fabaceae,US,Mississippi
4,Fagaceae,US,Minnesota
4,Gentianaceae,US,Texas
4,Heliotropiaceae,US,Texas
4,Iridaceae,US,Michigan
4,Iridaceae,US,North Carolina
4,Iridaceae,US,Ohio
4,Lamiaceae,US,Illinois
4,Lamiaceae,US,Louisiana
4,Lamiaceae,US,Tennessee
4,Lamiaceae,US,Virginia
4,Melanthiaceae,CA,Québec
4,Onagraceae,US,Texas
4,Orchidaceae,CA,British Columbia
4,Orchidaceae,CA,Manitoba
4,Orchidaceae,US,Pennsylvania
4,Orchidaceae,US,Washington
4,Passifloraceae,US,Texas
4,Pinaceae,US,Minnesota
4,Plantaginaceae,US,New Jersey
4,Plantaginaceae,US,Utah
4,Poaceae,US,Hawaii
4,Poaceae,US,Missouri
4,Polygonaceae,CA,Alberta
4,Ranunculaceae,CA,Nova Scotia
4,Ranunculaceae,CA,Saskatchewan
4,Ranunculaceae,US,New York
4,Ranunculaceae,US,Washington
4,Ranunculaceae,US,Wisconsin
4,Rosaceae,US,Tennessee
4,Rubiaceae,US,Florida
4,Salicaceae,CA,Québec
4,Salicaceae,US,Minnesota
4,Sapindaceae,US,Michigan
4,Sapindaceae,US,Minnesota
4,Sapindaceae,US,New Hampshire
4,Sapindaceae,US,New York
4,Saxifragaceae,CA,British Columbia
4,Saxifragaceae,US,California
4,Saxifragaceae,US,Oregon
4,Saxifragaceae,US,Washington
4,Viburnaceae,CA,Ontario
4,Viburnaceae,US,New Hampshire
4,Viburnaceae,US,Wisconsin
4,Violaceae,US,Michigan
5,Anacardiaceae,US,California
5,Annonaceae,US,Florida
5,Apocynaceae,US,Missouri
5,Asparagaceae,CA,Nova Scotia
5,Asparagaceae,US,Minnesota
5,Asparagaceae,US,Wisconsin
5,Asteraceae,CA,Saskatchewan
5,Asteraceae,US,Alabama
5,Asteraceae,US,Louisiana
5,Asteraceae,US,Mississippi
5,Boraginaceae,US,Michigan
5,Brassicaceae,CA,Alberta
5,Brassicaceae,CA,British Columbia
5,Brassicaceae,US,Colorado
5,Brassicaceae,US,Michigan
5,Brassicaceae,US,Washington
5,Brassicaceae,US,Wisconsin
5,Caryophyllaceae,US,California
5,Convolvulaceae,US,Texas
5,Cyperaceae,US,Ohio
5,Ericaceae,US,Connecticut
5,Ericaceae,US,Maine
5,Ericaceae,US,Massachusetts
5,Fabaceae,US,Iowa
5,Fabaceae,US,Washington
5,Fabaceae,US,Wyoming
5,Fagaceae,US,Michigan
5,Fagaceae,US,Ohio
5,Fagaceae,US,Pennsylvania
5,Grossulariaceae,US,California
5,Grossulariaceae,US,Oregon
5,Iridaceae,US,Pennsylvania
5,Lamiaceae,US,Arkansas
5,Lamiaceae,US,Georgia
5,Lamiaceae,US,New York
5,Malvaceae,US,California
5,Montiaceae,CA,British Columbia
5,Orchidaceae,US,Florida
5,Orobanchaceae,US,Oregon
5,Papaveraceae,US,California
5,Plantaginaceae,US,Oregon
5,Plantaginaceae,US,Pennsylvania
5,Poaceae,CA,Ontario
5,Poaceae,US,Illinois
5,Polygonaceae,US,California
5,Polygonaceae,US,Colorado
5,Ranunculaceae,CA,Alberta
5,Ranunculaceae,CA,Québec
5,Rhamnaceae,US,California
5,Rosaceae,US,Colorado
5,Rosaceae,US,Georgia
5,Rosaceae,US,Maine
5,Viburnaceae,US,Michigan
5,Vitaceae,US,Texas
6,Apiaceae,US,Georgia
6,Apiaceae,US,Illinois
6,Apiaceae,US,Washington
6,Apiaceae,US,Wisconsin
6,Apocynaceae,US,Arkansas
6,Apocynaceae,US,Illinois
6,Apocynaceae,US,North Carolina
6,Asparagaceae,CA,British Columbia
6,Asparagaceae,CA,Ontario
6,Asteraceae,US,Idaho
6,Asteraceae,US,Oklahoma
6,Asteraceae,US,Wyoming
6,Caprifoliaceae,CA,Ontario
6,Caprifoliaceae,US,California
6,Cyperaceae,US,North Carolina
6,Ericaceae,CA,Québec
6,Ericaceae,US,Alaska
6,Ericaceae,US,Michigan
6,Euphorbiaceae,US,Florida
6,Fabaceae,CA,Ontario
6,Fabaceae,CA,Saskatchewan
6,Fabaceae,US,Georgia
6,Fabaceae,US,North Carolina
6,Fabaceae,US,Rhode Island
6,Fabaceae,US,Virginia
6,Fagaceae,CA,Ontario
6,Iridaceae,CA,Ontario
6,Lamiaceae,CA,Ontario
6,Lamiaceae,US,Ohio
6,Lamiaceae,US,Pennsylvania
6,Onagraceae,US,Colorado
6,Orchidaceae,CA,Ontario
6,Pinaceae,CA,Québec
6,Plantaginaceae,US,New York
6,Plantaginaceae,US,Ohio
6,Poaceae,CA,British Columbia
6,Polygonaceae,US,New York
6,Pteridaceae,US,California
6,Ranunculaceae,US,Massachusetts
6,Rosaceae,US,Illinois
6,Rosaceae,US,Ohio
6,Rosaceae,US,Wisconsin
6,Sapindaceae,CA,Ontario
6,Solanaceae,US,Texas
7,Apocynaceae,US,Florida
7,Asparagaceae,US,Michigan
7,Asteraceae,US,Maryland
7,Asteraceae,US,New Jersey
7,Asteraceae,US,New Mexico
7,Brassicaceae,US,Pennsylvania
7,Cactaceae,US,New Mexico
7,Cactaceae,US,Texas
7,Cyperaceae,CA,Québec
7,Ericaceae,CA,Alberta
7,Ericaceae,US,Pennsylvania
7,Fabaceae,US,Arkansas
7,Fabaceae,US,Maryland
7,Fabaceae,US,New Jersey
7,Lamiaceae,US,Michigan
7,Orobanchaceae,US,California
7,Plantaginaceae,US,Washington
7,Polemoniaceae,US,California
7,Rosaceae,US,Massachusetts
7,Rosaceae,US,New Hampshire
7,Rosaceae,US,Oregon
7,Sapindaceae,CA,Québec
7,Sapindaceae,US,Ohio
7,Verbenaceae,US,Texas
8,Apiaceae,US,Michigan
8,Asteraceae,US,Kansas
8,Asteraceae,US,Massachusetts
8,Asteraceae,US,Tennessee
8,Brassicaceae,CA,Ontario
8,Crassulaceae,US,California
8,Cyperaceae,US,Minnesota
8,Ericaceae,CA,British Columbia
8,Ericaceae,CA,Ontario
8,Ericaceae,US,North Carolina
8,Ericaceae,US,Washington
8,Fabaceae,US,Massachusetts
8,Fabaceae,US,Missouri
8,Fabaceae,US,Wisconsin
8,Fagaceae,US,California
8,Orchidaceae,CA,Alberta
8,Pinaceae,CA,Ontario
8,Plantaginaceae,CA,British Columbia
8,Poaceae,US,Georgia
8,Ranunculaceae,CA,British Columbia
8,Sapindaceae,US,Pennsylvania
9,Asteraceae,US,North Carolina
9,Boraginaceae,US,Colorado
9,Caprifoliaceae,CA,British Columbia
9,Cyperaceae,US,Michigan
9,Ericaceae,US,Minnesota
9,Fabaceae,US,Michigan
9,Fabaceae,US,New Mexico
9,Fabaceae,US,Oregon
9,Fabaceae,US,Tennessee
9,Malvaceae,US,Texas
9,Poaceae,US,Ohio
9,Ranunculaceae,CA,Ontario
9,Ranunculaceae,US,Minnesota
9,Rosaceae,CA,Alberta
9,Rosaceae,US,Washington
9,Solanaceae,US,California
10,Apiaceae,US,California
10,Apocynaceae,US,Texas
10,Asteraceae,US,Washington
10,Asteraceae,US,Wisconsin
10,Ericaceae,US,New Hampshire
10,Fabaceae,CA,Alberta
10,Fabaceae,US,Minnesota
10,Phrymaceae,US,California
10,Ranunculaceae,US,Michigan
10,Rosaceae,US,Maryland
10,Rosaceae,US,Michigan
10,Rosaceae,US,New York
10,Rosaceae,US,Pennsylvania
11,Asteraceae,US,Minnesota
11,Asteraceae,US,Missouri
11,Asteraceae,US,Oregon
11,Euphorbiaceae,US,Texas
11,Fabaceae,US,Florida
11,Fabaceae,US,Ohio
11,Fabaceae,US,Pennsylvania
11,Lamiaceae,US,California
11,Plantaginaceae,US,California
11,Plantaginaceae,US,Colorado
11,Poaceae,US,California
11,Rosaceae,US,Minnesota
11,Rosaceae,US,Virginia
12,Asteraceae,CA,Ontario
12,Asteraceae,US,Illinois
12,Asteraceae,US,Virginia
12,Fabaceae,US,Colorado
12,Fabaceae,US,Illinois
12,Fabaceae,US,New York
13,Asparagaceae,US,California
13,Asteraceae,CA,Alberta
13,Asteraceae,US,Arkansas
13,Brassicaceae,US,California
13,Lamiaceae,US,Texas
14,Ericaceae,US,California
14,Rosaceae,CA,Québec
15,Asteraceae,US,Florida
15,Asteraceae,US,New York
15,Fabaceae,CA,British Columbia
15,Hydrophyllaceae,US,California
15,Onagraceae,US,California
15,Rosaceae,US,California
16,Asteraceae,US,Georgia
17,Asteraceae,US,Michigan
17,Liliaceae,US,California
17,Rosaceae,CA,British Columbia
20,Asteraceae,US,Colorado
20,Asteraceae,US,Pennsylvania
21,Asteraceae,CA,British Columbia
21,Rosaceae,CA,Ontario
22,Fabaceae,US,California
23,Asteraceae,US,Ohio
28,Fabaceae,US,Texas
28,Poaceae,US,Texas
41,Asteraceae,US,Texas
41,Cyperaceae,CA,Ontario
56,Asteraceae,US,California
